store_number,year,week_of_year,product_mdm_id_norm,product_mdm_id,product_family,product_class,pizza_size_inches,weekly_sales,weekend_ratio,avg_month,store_city,store_state
50,2025,36,1070018,1070018.0,Meats,NY Style,,1,0.0,9.0,Louisville,KY
50,2025,40,1070018,1070018.0,Meats,NY Style,,1,0.0,10.0,Louisville,KY
50,2025,43,1070018,1070018.0,Meats,NY Style,,2,0.0,10.0,Louisville,KY
50,2025,27,1073901,1073901.0,Cheesesticks,Cheddar,,17,0.6470588235294118,7.0,Louisville,KY
50,2025,28,1073901,1073901.0,Cheesesticks,Cheddar,,15,0.4,7.0,Louisville,KY
50,2025,29,1073901,1073901.0,Cheesesticks,Cheddar,,19,0.47368421052631576,7.0,Louisville,KY
50,2025,30,1073901,1073901.0,Cheesesticks,Cheddar,,1,0.0,7.0,Louisville,KY
50,2025,27,107722,107722.0,Works,Original,10.0,3,0.0,7.0,Louisville,KY
50,2025,28,107722,107722.0,Works,Original,10.0,3,0.6666666666666666,7.0,Louisville,KY
50,2025,29,107722,107722.0,Works,Original,10.0,2,0.5,7.0,Louisville,KY
50,2025,31,107722,107722.0,Works,Original,10.0,3,0.3333333333333333,7.333333333333333,Louisville,KY
50,2025,32,107722,107722.0,Works,Original,10.0,7,0.5714285714285714,8.0,Louisville,KY
50,2025,33,107722,107722.0,Works,Original,10.0,4,0.25,8.0,Louisville,KY
50,2025,34,107722,107722.0,Works,Original,10.0,2,0.0,8.0,Louisville,KY
50,2025,36,107722,107722.0,Works,Original,10.0,2,0.0,9.0,Louisville,KY
50,2025,37,107722,107722.0,Works,Original,10.0,1,0.0,9.0,Louisville,KY
50,2025,38,107722,107722.0,Works,Original,10.0,3,0.3333333333333333,9.0,Louisville,KY
50,2025,39,107722,107722.0,Works,Original,10.0,2,0.0,9.0,Louisville,KY
50,2025,40,107722,107722.0,Works,Original,10.0,2,0.5,10.0,Louisville,KY
50,2025,41,107722,107722.0,Works,Original,10.0,4,0.0,10.0,Louisville,KY
50,2025,42,107722,107722.0,Works,Original,10.0,3,0.3333333333333333,10.0,Louisville,KY
50,2025,43,107722,107722.0,Works,Original,10.0,4,0.25,10.0,Louisville,KY
50,2025,27,107724,107724.0,Works,Original,14.0,41,0.625,7.0,Louisville,KY
50,2025,28,107724,107724.0,Works,Original,14.0,45,0.2727272727272727,7.0,Louisville,KY
50,2025,29,107724,107724.0,Works,Original,14.0,30,0.4,7.0,Louisville,KY
50,2025,30,107724,107724.0,Works,Original,14.0,44,0.3409090909090909,7.0,Louisville,KY
50,2025,31,107724,107724.0,Works,Original,14.0,45,0.24444444444444444,7.511111111111111,Louisville,KY
50,2025,32,107724,107724.0,Works,Original,14.0,62,0.32786885245901637,8.0,Louisville,KY
50,2025,33,107724,107724.0,Works,Original,14.0,45,0.3488372093023256,8.0,Louisville,KY
50,2025,34,107724,107724.0,Works,Original,14.0,44,0.3488372093023256,8.0,Louisville,KY
50,2025,35,107724,107724.0,Works,Original,14.0,44,0.4090909090909091,8.0,Louisville,KY
50,2025,36,107724,107724.0,Works,Original,14.0,32,0.3225806451612903,9.0,Louisville,KY
50,2025,37,107724,107724.0,Works,Original,14.0,51,0.45098039215686275,9.0,Louisville,KY
50,2025,38,107724,107724.0,Works,Original,14.0,56,0.36363636363636365,9.0,Louisville,KY
50,2025,39,107724,107724.0,Works,Original,14.0,51,0.4117647058823529,9.0,Louisville,KY
50,2025,40,107724,107724.0,Works,Original,14.0,40,0.3783783783783784,9.81081081081081,Louisville,KY
50,2025,41,107724,107724.0,Works,Original,14.0,56,0.19642857142857142,10.0,Louisville,KY
50,2025,42,107724,107724.0,Works,Original,14.0,37,0.3783783783783784,10.0,Louisville,KY
50,2025,43,107724,107724.0,Works,Original,14.0,61,0.43103448275862066,10.0,Louisville,KY
50,2025,27,107726,107726.0,Works,Thin,14.0,7,0.5,7.0,Louisville,KY
50,2025,28,107726,107726.0,Works,Thin,14.0,13,0.4,7.0,Louisville,KY
50,2025,29,107726,107726.0,Works,Thin,14.0,5,0.6,7.0,Louisville,KY
50,2025,30,107726,107726.0,Works,Thin,14.0,6,0.16666666666666666,7.0,Louisville,KY
50,2025,31,107726,107726.0,Works,Thin,14.0,9,0.4444444444444444,7.444444444444445,Louisville,KY
50,2025,32,107726,107726.0,Works,Thin,14.0,11,0.4444444444444444,8.0,Louisville,KY
50,2025,33,107726,107726.0,Works,Thin,14.0,16,0.375,8.0,Louisville,KY
50,2025,34,107726,107726.0,Works,Thin,14.0,6,0.16666666666666666,8.0,Louisville,KY
50,2025,35,107726,107726.0,Works,Thin,14.0,6,0.5,8.0,Louisville,KY
50,2025,36,107726,107726.0,Works,Thin,14.0,12,0.18181818181818182,9.0,Louisville,KY
50,2025,37,107726,107726.0,Works,Thin,14.0,16,0.5,9.0,Louisville,KY
50,2025,38,107726,107726.0,Works,Thin,14.0,14,0.42857142857142855,9.0,Louisville,KY
50,2025,39,107726,107726.0,Works,Thin,14.0,10,0.2,9.0,Louisville,KY
50,2025,40,107726,107726.0,Works,Thin,14.0,7,0.5714285714285714,10.0,Louisville,KY
50,2025,41,107726,107726.0,Works,Thin,14.0,7,0.16666666666666666,10.0,Louisville,KY
50,2025,42,107726,107726.0,Works,Thin,14.0,7,0.42857142857142855,10.0,Louisville,KY
50,2025,43,107726,107726.0,Works,Thin,14.0,8,0.25,10.0,Louisville,KY
50,2025,27,107728,107728.0,Works,Original,16.0,5,0.8,7.0,Louisville,KY
50,2025,28,107728,107728.0,Works,Original,16.0,3,0.6666666666666666,7.0,Louisville,KY
50,2025,29,107728,107728.0,Works,Original,16.0,3,0.0,7.0,Louisville,KY
50,2025,30,107728,107728.0,Works,Original,16.0,5,0.2,7.0,Louisville,KY
50,2025,31,107728,107728.0,Works,Original,16.0,4,0.0,8.0,Louisville,KY
50,2025,32,107728,107728.0,Works,Original,16.0,8,0.0,8.0,Louisville,KY
50,2025,33,107728,107728.0,Works,Original,16.0,5,0.2,8.0,Louisville,KY
50,2025,34,107728,107728.0,Works,Original,16.0,4,0.5,8.0,Louisville,KY
50,2025,35,107728,107728.0,Works,Original,16.0,2,0.5,8.0,Louisville,KY
50,2025,36,107728,107728.0,Works,Original,16.0,6,0.5,9.0,Louisville,KY
50,2025,37,107728,107728.0,Works,Original,16.0,4,0.25,9.0,Louisville,KY
50,2025,38,107728,107728.0,Works,Original,16.0,4,0.5,9.0,Louisville,KY
50,2025,39,107728,107728.0,Works,Original,16.0,3,0.6666666666666666,9.0,Louisville,KY
50,2025,40,107728,107728.0,Works,Original,16.0,3,0.6666666666666666,10.0,Louisville,KY
50,2025,27,107732,107732.0,Works,Original,12.0,4,0.75,7.0,Louisville,KY
50,2025,28,107732,107732.0,Works,Original,12.0,3,0.6666666666666666,7.0,Louisville,KY
50,2025,29,107732,107732.0,Works,Original,12.0,2,0.5,7.0,Louisville,KY
50,2025,30,107732,107732.0,Works,Original,12.0,6,0.5,7.0,Louisville,KY
50,2025,31,107732,107732.0,Works,Original,12.0,6,0.3333333333333333,7.666666666666667,Louisville,KY
50,2025,32,107732,107732.0,Works,Original,12.0,2,0.5,8.0,Louisville,KY
50,2025,33,107732,107732.0,Works,Original,12.0,4,0.25,8.0,Louisville,KY
50,2025,34,107732,107732.0,Works,Original,12.0,6,0.16666666666666666,8.0,Louisville,KY
50,2025,35,107732,107732.0,Works,Original,12.0,4,0.75,8.0,Louisville,KY
50,2025,36,107732,107732.0,Works,Original,12.0,4,0.5,9.0,Louisville,KY
50,2025,37,107732,107732.0,Works,Original,12.0,5,0.4,9.0,Louisville,KY
50,2025,38,107732,107732.0,Works,Original,12.0,8,0.5,9.0,Louisville,KY
50,2025,39,107732,107732.0,Works,Original,12.0,3,1.0,9.0,Louisville,KY
50,2025,40,107732,107732.0,Works,Original,12.0,3,0.0,9.333333333333334,Louisville,KY
50,2025,41,107732,107732.0,Works,Original,12.0,3,0.6666666666666666,10.0,Louisville,KY
50,2025,42,107732,107732.0,Works,Original,12.0,2,0.5,10.0,Louisville,KY
50,2025,43,107732,107732.0,Works,Original,12.0,5,0.4,10.0,Louisville,KY
50,2025,29,107738,107738.0,Works,Gluten Free,10.0,1,1.0,7.0,Louisville,KY
50,2025,32,107738,107738.0,Works,Gluten Free,10.0,1,0.0,8.0,Louisville,KY
50,2025,27,107740,107740.0,Meats,Original,10.0,2,0.5,7.0,Louisville,KY
50,2025,28,107740,107740.0,Meats,Original,10.0,1,0.0,7.0,Louisville,KY
50,2025,29,107740,107740.0,Meats,Original,10.0,1,1.0,7.0,Louisville,KY
50,2025,30,107740,107740.0,Meats,Original,10.0,3,0.0,7.0,Louisville,KY
50,2025,31,107740,107740.0,Meats,Original,10.0,1,0.0,7.0,Louisville,KY
50,2025,33,107740,107740.0,Meats,Original,10.0,4,0.25,8.0,Louisville,KY
50,2025,34,107740,107740.0,Meats,Original,10.0,4,0.25,8.0,Louisville,KY
50,2025,36,107740,107740.0,Meats,Original,10.0,4,0.25,9.0,Louisville,KY
50,2025,38,107740,107740.0,Meats,Original,10.0,4,0.5,9.0,Louisville,KY
50,2025,39,107740,107740.0,Meats,Original,10.0,1,1.0,9.0,Louisville,KY
50,2025,40,107740,107740.0,Meats,Original,10.0,1,0.0,10.0,Louisville,KY
50,2025,41,107740,107740.0,Meats,Original,10.0,2,0.0,10.0,Louisville,KY
50,2025,42,107740,107740.0,Meats,Original,10.0,3,0.0,10.0,Louisville,KY
50,2025,43,107740,107740.0,Meats,Original,10.0,5,0.6,10.0,Louisville,KY
50,2025,27,107742,107742.0,Meats,Original,14.0,22,0.5714285714285714,7.0,Louisville,KY
50,2025,28,107742,107742.0,Meats,Original,14.0,21,0.42857142857142855,7.0,Louisville,KY
50,2025,29,107742,107742.0,Meats,Original,14.0,36,0.4166666666666667,7.0,Louisville,KY
50,2025,30,107742,107742.0,Meats,Original,14.0,29,0.4482758620689655,7.0,Louisville,KY
50,2025,31,107742,107742.0,Meats,Original,14.0,29,0.32142857142857145,7.535714285714286,Louisville,KY
50,2025,32,107742,107742.0,Meats,Original,14.0,23,0.2608695652173913,8.0,Louisville,KY
50,2025,33,107742,107742.0,Meats,Original,14.0,35,0.3142857142857143,8.0,Louisville,KY
50,2025,34,107742,107742.0,Meats,Original,14.0,28,0.39285714285714285,8.0,Louisville,KY
50,2025,35,107742,107742.0,Meats,Original,14.0,23,0.4090909090909091,8.0,Louisville,KY
50,2025,36,107742,107742.0,Meats,Original,14.0,19,0.42105263157894735,9.0,Louisville,KY
50,2025,37,107742,107742.0,Meats,Original,14.0,33,0.375,9.0,Louisville,KY
50,2025,38,107742,107742.0,Meats,Original,14.0,47,0.19148936170212766,9.0,Louisville,KY
50,2025,39,107742,107742.0,Meats,Original,14.0,21,0.3333333333333333,9.0,Louisville,KY
50,2025,40,107742,107742.0,Meats,Original,14.0,19,0.4666666666666667,9.666666666666666,Louisville,KY
50,2025,41,107742,107742.0,Meats,Original,14.0,25,0.28,10.0,Louisville,KY
50,2025,42,107742,107742.0,Meats,Original,14.0,23,0.4782608695652174,10.0,Louisville,KY
50,2025,43,107742,107742.0,Meats,Original,14.0,38,0.5142857142857142,10.0,Louisville,KY
50,2025,27,107744,107744.0,Meats,Thin,14.0,5,0.75,7.0,Louisville,KY
50,2025,28,107744,107744.0,Meats,Thin,14.0,7,0.3333333333333333,7.0,Louisville,KY
50,2025,29,107744,107744.0,Meats,Thin,14.0,2,0.5,7.0,Louisville,KY
50,2025,30,107744,107744.0,Meats,Thin,14.0,1,1.0,7.0,Louisville,KY
50,2025,31,107744,107744.0,Meats,Thin,14.0,1,1.0,8.0,Louisville,KY
50,2025,32,107744,107744.0,Meats,Thin,14.0,3,0.6666666666666666,8.0,Louisville,KY
50,2025,33,107744,107744.0,Meats,Thin,14.0,6,0.6666666666666666,8.0,Louisville,KY
50,2025,34,107744,107744.0,Meats,Thin,14.0,2,0.5,8.0,Louisville,KY
50,2025,35,107744,107744.0,Meats,Thin,14.0,2,0.5,8.0,Louisville,KY
50,2025,36,107744,107744.0,Meats,Thin,14.0,4,0.25,9.0,Louisville,KY
50,2025,37,107744,107744.0,Meats,Thin,14.0,3,0.3333333333333333,9.0,Louisville,KY
50,2025,38,107744,107744.0,Meats,Thin,14.0,2,1.0,9.0,Louisville,KY
50,2025,39,107744,107744.0,Meats,Thin,14.0,3,0.3333333333333333,9.0,Louisville,KY
50,2025,40,107744,107744.0,Meats,Thin,14.0,7,0.0,9.714285714285714,Louisville,KY
50,2025,41,107744,107744.0,Meats,Thin,14.0,2,1.0,10.0,Louisville,KY
50,2025,42,107744,107744.0,Meats,Thin,14.0,1,0.0,10.0,Louisville,KY
50,2025,43,107744,107744.0,Meats,Thin,14.0,1,1.0,10.0,Louisville,KY
50,2025,27,107746,107746.0,Meats,Original,16.0,3,1.0,7.0,Louisville,KY
50,2025,28,107746,107746.0,Meats,Original,16.0,2,1.0,7.0,Louisville,KY
50,2025,29,107746,107746.0,Meats,Original,16.0,3,0.3333333333333333,7.0,Louisville,KY
50,2025,30,107746,107746.0,Meats,Original,16.0,1,0.0,7.0,Louisville,KY
50,2025,31,107746,107746.0,Meats,Original,16.0,3,0.0,7.333333333333333,Louisville,KY
50,2025,32,107746,107746.0,Meats,Original,16.0,7,0.14285714285714285,8.0,Louisville,KY
50,2025,33,107746,107746.0,Meats,Original,16.0,2,0.5,8.0,Louisville,KY
50,2025,35,107746,107746.0,Meats,Original,16.0,1,1.0,8.0,Louisville,KY
50,2025,37,107746,107746.0,Meats,Original,16.0,1,0.0,9.0,Louisville,KY
50,2025,38,107746,107746.0,Meats,Original,16.0,1,0.0,9.0,Louisville,KY
50,2025,39,107746,107746.0,Meats,Original,16.0,1,0.0,9.0,Louisville,KY
50,2025,40,107746,107746.0,Meats,Original,16.0,3,0.6666666666666666,9.666666666666666,Louisville,KY
50,2025,27,107750,107750.0,Meats,Original,12.0,4,0.5,7.0,Louisville,KY
50,2025,28,107750,107750.0,Meats,Original,12.0,5,0.0,7.0,Louisville,KY
50,2025,29,107750,107750.0,Meats,Original,12.0,6,0.0,7.0,Louisville,KY
50,2025,30,107750,107750.0,Meats,Original,12.0,2,0.0,7.0,Louisville,KY
50,2025,31,107750,107750.0,Meats,Original,12.0,5,0.2,7.2,Louisville,KY
50,2025,32,107750,107750.0,Meats,Original,12.0,5,0.2,8.0,Louisville,KY
50,2025,33,107750,107750.0,Meats,Original,12.0,2,0.0,8.0,Louisville,KY
50,2025,34,107750,107750.0,Meats,Original,12.0,4,0.0,8.0,Louisville,KY
50,2025,35,107750,107750.0,Meats,Original,12.0,7,0.2857142857142857,8.0,Louisville,KY
50,2025,36,107750,107750.0,Meats,Original,12.0,2,0.0,9.0,Louisville,KY
50,2025,37,107750,107750.0,Meats,Original,12.0,3,0.3333333333333333,9.0,Louisville,KY
50,2025,38,107750,107750.0,Meats,Original,12.0,4,0.25,9.0,Louisville,KY
50,2025,39,107750,107750.0,Meats,Original,12.0,4,0.25,9.0,Louisville,KY
50,2025,40,107750,107750.0,Meats,Original,12.0,1,1.0,10.0,Louisville,KY
50,2025,41,107750,107750.0,Meats,Original,12.0,3,0.0,10.0,Louisville,KY
50,2025,42,107750,107750.0,Meats,Original,12.0,5,0.2,10.0,Louisville,KY
50,2025,43,107750,107750.0,Meats,Original,12.0,2,0.5,10.0,Louisville,KY
50,2025,36,107756,107756.0,Meats,Gluten Free,10.0,1,0.0,9.0,Louisville,KY
50,2025,28,107794,107794.0,BBQ Chicken Bacon,Original,10.0,3,0.3333333333333333,7.0,Louisville,KY
50,2025,29,107794,107794.0,BBQ Chicken Bacon,Original,10.0,1,1.0,7.0,Louisville,KY
50,2025,31,107794,107794.0,BBQ Chicken Bacon,Original,10.0,2,0.0,7.5,Louisville,KY
50,2025,33,107794,107794.0,BBQ Chicken Bacon,Original,10.0,1,0.0,8.0,Louisville,KY
50,2025,35,107794,107794.0,BBQ Chicken Bacon,Original,10.0,1,0.0,8.0,Louisville,KY
50,2025,37,107794,107794.0,BBQ Chicken Bacon,Original,10.0,1,0.0,9.0,Louisville,KY
50,2025,38,107794,107794.0,BBQ Chicken Bacon,Original,10.0,1,1.0,9.0,Louisville,KY
50,2025,41,107794,107794.0,BBQ Chicken Bacon,Original,10.0,1,1.0,10.0,Louisville,KY
50,2025,42,107794,107794.0,BBQ Chicken Bacon,Original,10.0,1,1.0,10.0,Louisville,KY
50,2025,27,107796,107796.0,BBQ Chicken Bacon,Original,14.0,8,0.5,7.0,Louisville,KY
50,2025,28,107796,107796.0,BBQ Chicken Bacon,Original,14.0,6,0.0,7.0,Louisville,KY
50,2025,29,107796,107796.0,BBQ Chicken Bacon,Original,14.0,15,0.5333333333333333,7.0,Louisville,KY
50,2025,30,107796,107796.0,BBQ Chicken Bacon,Original,14.0,10,0.4,7.0,Louisville,KY
50,2025,31,107796,107796.0,BBQ Chicken Bacon,Original,14.0,5,0.6,7.6,Louisville,KY
50,2025,32,107796,107796.0,BBQ Chicken Bacon,Original,14.0,9,0.1111111111111111,8.0,Louisville,KY
50,2025,33,107796,107796.0,BBQ Chicken Bacon,Original,14.0,11,0.36363636363636365,8.0,Louisville,KY
50,2025,34,107796,107796.0,BBQ Chicken Bacon,Original,14.0,2,0.0,8.0,Louisville,KY
50,2025,35,107796,107796.0,BBQ Chicken Bacon,Original,14.0,6,0.16666666666666666,8.0,Louisville,KY
50,2025,36,107796,107796.0,BBQ Chicken Bacon,Original,14.0,11,0.2727272727272727,9.0,Louisville,KY
50,2025,37,107796,107796.0,BBQ Chicken Bacon,Original,14.0,11,0.5454545454545454,9.0,Louisville,KY
50,2025,38,107796,107796.0,BBQ Chicken Bacon,Original,14.0,18,0.2777777777777778,9.0,Louisville,KY
50,2025,39,107796,107796.0,BBQ Chicken Bacon,Original,14.0,5,0.0,9.0,Louisville,KY
50,2025,40,107796,107796.0,BBQ Chicken Bacon,Original,14.0,10,0.3,9.8,Louisville,KY
50,2025,41,107796,107796.0,BBQ Chicken Bacon,Original,14.0,11,0.45454545454545453,10.0,Louisville,KY
50,2025,42,107796,107796.0,BBQ Chicken Bacon,Original,14.0,9,0.5555555555555556,10.0,Louisville,KY
50,2025,43,107796,107796.0,BBQ Chicken Bacon,Original,14.0,9,0.6666666666666666,10.0,Louisville,KY
50,2025,28,107798,107798.0,BBQ Chicken Bacon,Thin,14.0,1,1.0,7.0,Louisville,KY
50,2025,30,107798,107798.0,BBQ Chicken Bacon,Thin,14.0,1,1.0,7.0,Louisville,KY
50,2025,31,107798,107798.0,BBQ Chicken Bacon,Thin,14.0,1,0.0,7.0,Louisville,KY
50,2025,32,107798,107798.0,BBQ Chicken Bacon,Thin,14.0,1,1.0,8.0,Louisville,KY
50,2025,33,107798,107798.0,BBQ Chicken Bacon,Thin,14.0,2,1.0,8.0,Louisville,KY
50,2025,35,107798,107798.0,BBQ Chicken Bacon,Thin,14.0,1,1.0,8.0,Louisville,KY
50,2025,36,107798,107798.0,BBQ Chicken Bacon,Thin,14.0,1,0.0,9.0,Louisville,KY
50,2025,37,107798,107798.0,BBQ Chicken Bacon,Thin,14.0,1,0.0,9.0,Louisville,KY
50,2025,39,107798,107798.0,BBQ Chicken Bacon,Thin,14.0,3,0.6666666666666666,9.0,Louisville,KY
50,2025,40,107798,107798.0,BBQ Chicken Bacon,Thin,14.0,3,0.6666666666666666,10.0,Louisville,KY
50,2025,41,107798,107798.0,BBQ Chicken Bacon,Thin,14.0,1,1.0,10.0,Louisville,KY
50,2025,42,107798,107798.0,BBQ Chicken Bacon,Thin,14.0,1,1.0,10.0,Louisville,KY
50,2025,43,107798,107798.0,BBQ Chicken Bacon,Thin,14.0,2,0.0,10.0,Louisville,KY
50,2025,28,107800,107800.0,BBQ Chicken Bacon,Original,16.0,4,0.75,7.0,Louisville,KY
50,2025,30,107800,107800.0,BBQ Chicken Bacon,Original,16.0,2,0.0,7.0,Louisville,KY
50,2025,31,107800,107800.0,BBQ Chicken Bacon,Original,16.0,1,0.0,8.0,Louisville,KY
50,2025,32,107800,107800.0,BBQ Chicken Bacon,Original,16.0,4,0.25,8.0,Louisville,KY
50,2025,33,107800,107800.0,BBQ Chicken Bacon,Original,16.0,1,1.0,8.0,Louisville,KY
50,2025,35,107800,107800.0,BBQ Chicken Bacon,Original,16.0,1,0.0,8.0,Louisville,KY
50,2025,37,107800,107800.0,BBQ Chicken Bacon,Original,16.0,1,0.0,9.0,Louisville,KY
50,2025,39,107800,107800.0,BBQ Chicken Bacon,Original,16.0,1,0.0,9.0,Louisville,KY
50,2025,29,107804,107804.0,BBQ Chicken Bacon,Original,12.0,2,0.5,7.0,Louisville,KY
50,2025,30,107804,107804.0,BBQ Chicken Bacon,Original,12.0,2,0.5,7.0,Louisville,KY
50,2025,31,107804,107804.0,BBQ Chicken Bacon,Original,12.0,1,0.0,7.0,Louisville,KY
50,2025,32,107804,107804.0,BBQ Chicken Bacon,Original,12.0,3,0.3333333333333333,8.0,Louisville,KY
50,2025,34,107804,107804.0,BBQ Chicken Bacon,Original,12.0,2,1.0,8.0,Louisville,KY
50,2025,35,107804,107804.0,BBQ Chicken Bacon,Original,12.0,1,1.0,8.0,Louisville,KY
50,2025,36,107804,107804.0,BBQ Chicken Bacon,Original,12.0,1,0.0,9.0,Louisville,KY
50,2025,38,107804,107804.0,BBQ Chicken Bacon,Original,12.0,2,1.0,9.0,Louisville,KY
50,2025,39,107804,107804.0,BBQ Chicken Bacon,Original,12.0,1,0.0,9.0,Louisville,KY
50,2025,40,107804,107804.0,BBQ Chicken Bacon,Original,12.0,2,0.5,9.5,Louisville,KY
50,2025,41,107804,107804.0,BBQ Chicken Bacon,Original,12.0,2,0.0,10.0,Louisville,KY
50,2025,42,107804,107804.0,BBQ Chicken Bacon,Original,12.0,1,1.0,10.0,Louisville,KY
50,2025,43,107804,107804.0,BBQ Chicken Bacon,Original,12.0,1,0.0,10.0,Louisville,KY
50,2025,41,107806,107806.0,BBQ Chicken Bacon,Original,8.0,1,0.0,10.0,Louisville,KY
50,2025,29,107812,107812.0,Hawaiian BBQ Chicken,Original,10.0,1,1.0,7.0,Louisville,KY
50,2025,30,107812,107812.0,Hawaiian BBQ Chicken,Original,10.0,1,1.0,7.0,Louisville,KY
50,2025,32,107812,107812.0,Hawaiian BBQ Chicken,Original,10.0,1,1.0,8.0,Louisville,KY
50,2025,33,107812,107812.0,Hawaiian BBQ Chicken,Original,10.0,3,1.0,8.0,Louisville,KY
50,2025,37,107812,107812.0,Hawaiian BBQ Chicken,Original,10.0,2,0.0,9.0,Louisville,KY
50,2025,39,107812,107812.0,Hawaiian BBQ Chicken,Original,10.0,1,1.0,9.0,Louisville,KY
50,2025,41,107812,107812.0,Hawaiian BBQ Chicken,Original,10.0,2,0.0,10.0,Louisville,KY
50,2025,27,107814,107814.0,Hawaiian BBQ Chicken,Original,14.0,1,1.0,7.0,Louisville,KY
50,2025,28,107814,107814.0,Hawaiian BBQ Chicken,Original,14.0,7,0.42857142857142855,7.0,Louisville,KY
50,2025,29,107814,107814.0,Hawaiian BBQ Chicken,Original,14.0,5,0.4,7.0,Louisville,KY
50,2025,30,107814,107814.0,Hawaiian BBQ Chicken,Original,14.0,6,0.16666666666666666,7.0,Louisville,KY
50,2025,31,107814,107814.0,Hawaiian BBQ Chicken,Original,14.0,1,1.0,8.0,Louisville,KY
50,2025,32,107814,107814.0,Hawaiian BBQ Chicken,Original,14.0,3,0.0,8.0,Louisville,KY
50,2025,33,107814,107814.0,Hawaiian BBQ Chicken,Original,14.0,6,0.3333333333333333,8.0,Louisville,KY
50,2025,34,107814,107814.0,Hawaiian BBQ Chicken,Original,14.0,3,0.3333333333333333,8.0,Louisville,KY
50,2025,35,107814,107814.0,Hawaiian BBQ Chicken,Original,14.0,6,0.16666666666666666,8.0,Louisville,KY
50,2025,36,107814,107814.0,Hawaiian BBQ Chicken,Original,14.0,1,0.0,9.0,Louisville,KY
50,2025,37,107814,107814.0,Hawaiian BBQ Chicken,Original,14.0,10,0.5,9.0,Louisville,KY
50,2025,38,107814,107814.0,Hawaiian BBQ Chicken,Original,14.0,5,0.4,9.0,Louisville,KY
50,2025,39,107814,107814.0,Hawaiian BBQ Chicken,Original,14.0,4,0.0,9.0,Louisville,KY
50,2025,40,107814,107814.0,Hawaiian BBQ Chicken,Original,14.0,3,0.0,9.666666666666666,Louisville,KY
50,2025,41,107814,107814.0,Hawaiian BBQ Chicken,Original,14.0,5,0.4,10.0,Louisville,KY
50,2025,42,107814,107814.0,Hawaiian BBQ Chicken,Original,14.0,1,0.0,10.0,Louisville,KY
50,2025,43,107814,107814.0,Hawaiian BBQ Chicken,Original,14.0,2,0.0,10.0,Louisville,KY
50,2025,30,107816,107816.0,Hawaiian BBQ Chicken,Thin,14.0,1,0.0,7.0,Louisville,KY
50,2025,34,107816,107816.0,Hawaiian BBQ Chicken,Thin,14.0,1,1.0,8.0,Louisville,KY
50,2025,37,107816,107816.0,Hawaiian BBQ Chicken,Thin,14.0,1,1.0,9.0,Louisville,KY
50,2025,38,107816,107816.0,Hawaiian BBQ Chicken,Thin,14.0,1,1.0,9.0,Louisville,KY
50,2025,39,107816,107816.0,Hawaiian BBQ Chicken,Thin,14.0,1,0.0,9.0,Louisville,KY
50,2025,40,107816,107816.0,Hawaiian BBQ Chicken,Thin,14.0,2,0.5,10.0,Louisville,KY
50,2025,42,107816,107816.0,Hawaiian BBQ Chicken,Thin,14.0,1,0.0,10.0,Louisville,KY
50,2025,43,107816,107816.0,Hawaiian BBQ Chicken,Thin,14.0,1,1.0,10.0,Louisville,KY
50,2025,29,107818,107818.0,Hawaiian BBQ Chicken,Original,16.0,1,0.0,7.0,Louisville,KY
50,2025,30,107818,107818.0,Hawaiian BBQ Chicken,Original,16.0,1,0.0,7.0,Louisville,KY
50,2025,35,107818,107818.0,Hawaiian BBQ Chicken,Original,16.0,1,0.0,8.0,Louisville,KY
50,2025,36,107818,107818.0,Hawaiian BBQ Chicken,Original,16.0,1,0.0,9.0,Louisville,KY
50,2025,38,107818,107818.0,Hawaiian BBQ Chicken,Original,16.0,1,0.0,9.0,Louisville,KY
50,2025,27,107822,107822.0,Hawaiian BBQ Chicken,Original,12.0,2,0.5,7.0,Louisville,KY
50,2025,28,107822,107822.0,Hawaiian BBQ Chicken,Original,12.0,1,1.0,7.0,Louisville,KY
50,2025,30,107822,107822.0,Hawaiian BBQ Chicken,Original,12.0,1,1.0,7.0,Louisville,KY
50,2025,31,107822,107822.0,Hawaiian BBQ Chicken,Original,12.0,1,1.0,8.0,Louisville,KY
50,2025,32,107822,107822.0,Hawaiian BBQ Chicken,Original,12.0,1,0.0,8.0,Louisville,KY
50,2025,38,107822,107822.0,Hawaiian BBQ Chicken,Original,12.0,1,0.0,9.0,Louisville,KY
50,2025,43,107822,107822.0,Hawaiian BBQ Chicken,Original,12.0,1,0.0,10.0,Louisville,KY
50,2025,27,107830,107830.0,Garden Fresh,Original,10.0,3,0.6666666666666666,7.0,Louisville,KY
50,2025,28,107830,107830.0,Garden Fresh,Original,10.0,2,0.0,7.0,Louisville,KY
50,2025,29,107830,107830.0,Garden Fresh,Original,10.0,1,0.0,7.0,Louisville,KY
50,2025,30,107830,107830.0,Garden Fresh,Original,10.0,2,0.0,7.0,Louisville,KY
50,2025,31,107830,107830.0,Garden Fresh,Original,10.0,2,0.0,7.0,Louisville,KY
50,2025,32,107830,107830.0,Garden Fresh,Original,10.0,2,0.5,8.0,Louisville,KY
50,2025,33,107830,107830.0,Garden Fresh,Original,10.0,1,0.0,8.0,Louisville,KY
50,2025,34,107830,107830.0,Garden Fresh,Original,10.0,3,0.0,8.0,Louisville,KY
50,2025,35,107830,107830.0,Garden Fresh,Original,10.0,1,1.0,8.0,Louisville,KY
50,2025,36,107830,107830.0,Garden Fresh,Original,10.0,4,0.0,9.0,Louisville,KY
50,2025,37,107830,107830.0,Garden Fresh,Original,10.0,1,0.0,9.0,Louisville,KY
50,2025,38,107830,107830.0,Garden Fresh,Original,10.0,5,0.4,9.0,Louisville,KY
50,2025,39,107830,107830.0,Garden Fresh,Original,10.0,4,0.25,9.0,Louisville,KY
50,2025,41,107830,107830.0,Garden Fresh,Original,10.0,2,0.0,10.0,Louisville,KY
50,2025,42,107830,107830.0,Garden Fresh,Original,10.0,3,0.3333333333333333,10.0,Louisville,KY
50,2025,43,107830,107830.0,Garden Fresh,Original,10.0,3,0.0,10.0,Louisville,KY
50,2025,27,107832,107832.0,Garden Fresh,Original,14.0,15,0.4,7.0,Louisville,KY
50,2025,28,107832,107832.0,Garden Fresh,Original,14.0,19,0.21052631578947367,7.0,Louisville,KY
50,2025,29,107832,107832.0,Garden Fresh,Original,14.0,19,0.3157894736842105,7.0,Louisville,KY
50,2025,30,107832,107832.0,Garden Fresh,Original,14.0,15,0.26666666666666666,7.0,Louisville,KY
50,2025,31,107832,107832.0,Garden Fresh,Original,14.0,22,0.42857142857142855,7.666666666666667,Louisville,KY
50,2025,32,107832,107832.0,Garden Fresh,Original,14.0,15,0.13333333333333333,8.0,Louisville,KY
50,2025,33,107832,107832.0,Garden Fresh,Original,14.0,16,0.3333333333333333,8.0,Louisville,KY
50,2025,34,107832,107832.0,Garden Fresh,Original,14.0,13,0.23076923076923078,8.0,Louisville,KY
50,2025,35,107832,107832.0,Garden Fresh,Original,14.0,16,0.25,8.0,Louisville,KY
50,2025,36,107832,107832.0,Garden Fresh,Original,14.0,13,0.15384615384615385,9.0,Louisville,KY
50,2025,37,107832,107832.0,Garden Fresh,Original,14.0,17,0.47058823529411764,9.0,Louisville,KY
50,2025,38,107832,107832.0,Garden Fresh,Original,14.0,13,0.23076923076923078,9.0,Louisville,KY
50,2025,39,107832,107832.0,Garden Fresh,Original,14.0,11,0.18181818181818182,9.0,Louisville,KY
50,2025,40,107832,107832.0,Garden Fresh,Original,14.0,12,0.36363636363636365,9.727272727272727,Louisville,KY
50,2025,41,107832,107832.0,Garden Fresh,Original,14.0,24,0.25,10.0,Louisville,KY
50,2025,42,107832,107832.0,Garden Fresh,Original,14.0,16,0.2,10.0,Louisville,KY
50,2025,43,107832,107832.0,Garden Fresh,Original,14.0,16,0.3125,10.0,Louisville,KY
50,2025,27,107834,107834.0,Garden Fresh,Thin,14.0,5,0.6,7.0,Louisville,KY
50,2025,28,107834,107834.0,Garden Fresh,Thin,14.0,6,0.16666666666666666,7.0,Louisville,KY
50,2025,29,107834,107834.0,Garden Fresh,Thin,14.0,2,1.0,7.0,Louisville,KY
50,2025,30,107834,107834.0,Garden Fresh,Thin,14.0,8,0.5,7.0,Louisville,KY
50,2025,31,107834,107834.0,Garden Fresh,Thin,14.0,6,0.5,7.833333333333333,Louisville,KY
50,2025,32,107834,107834.0,Garden Fresh,Thin,14.0,2,0.0,8.0,Louisville,KY
50,2025,33,107834,107834.0,Garden Fresh,Thin,14.0,5,0.4,8.0,Louisville,KY
50,2025,34,107834,107834.0,Garden Fresh,Thin,14.0,4,0.25,8.0,Louisville,KY
50,2025,35,107834,107834.0,Garden Fresh,Thin,14.0,5,0.4,8.0,Louisville,KY
50,2025,36,107834,107834.0,Garden Fresh,Thin,14.0,1,0.0,9.0,Louisville,KY
50,2025,37,107834,107834.0,Garden Fresh,Thin,14.0,5,0.0,9.0,Louisville,KY
50,2025,38,107834,107834.0,Garden Fresh,Thin,14.0,9,0.2222222222222222,9.0,Louisville,KY
50,2025,39,107834,107834.0,Garden Fresh,Thin,14.0,6,0.5,9.0,Louisville,KY
50,2025,40,107834,107834.0,Garden Fresh,Thin,14.0,7,0.2857142857142857,9.857142857142858,Louisville,KY
50,2025,41,107834,107834.0,Garden Fresh,Thin,14.0,4,0.25,10.0,Louisville,KY
50,2025,42,107834,107834.0,Garden Fresh,Thin,14.0,2,0.0,10.0,Louisville,KY
50,2025,43,107834,107834.0,Garden Fresh,Thin,14.0,6,0.3333333333333333,10.0,Louisville,KY
50,2025,27,107836,107836.0,Garden Fresh,Original,16.0,1,1.0,7.0,Louisville,KY
50,2025,28,107836,107836.0,Garden Fresh,Original,16.0,1,0.0,7.0,Louisville,KY
50,2025,29,107836,107836.0,Garden Fresh,Original,16.0,2,0.0,7.0,Louisville,KY
50,2025,30,107836,107836.0,Garden Fresh,Original,16.0,3,0.0,7.0,Louisville,KY
50,2025,31,107836,107836.0,Garden Fresh,Original,16.0,1,0.0,8.0,Louisville,KY
50,2025,32,107836,107836.0,Garden Fresh,Original,16.0,3,0.3333333333333333,8.0,Louisville,KY
50,2025,35,107836,107836.0,Garden Fresh,Original,16.0,1,0.0,8.0,Louisville,KY
50,2025,38,107836,107836.0,Garden Fresh,Original,16.0,3,0.0,9.0,Louisville,KY
50,2025,27,107840,107840.0,Garden Fresh,Original,12.0,3,0.6666666666666666,7.0,Louisville,KY
50,2025,28,107840,107840.0,Garden Fresh,Original,12.0,1,0.0,7.0,Louisville,KY
50,2025,29,107840,107840.0,Garden Fresh,Original,12.0,6,0.5,7.0,Louisville,KY
50,2025,30,107840,107840.0,Garden Fresh,Original,12.0,1,0.0,7.0,Louisville,KY
50,2025,31,107840,107840.0,Garden Fresh,Original,12.0,2,0.0,7.0,Louisville,KY
50,2025,32,107840,107840.0,Garden Fresh,Original,12.0,4,0.25,8.0,Louisville,KY
50,2025,34,107840,107840.0,Garden Fresh,Original,12.0,2,0.0,8.0,Louisville,KY
50,2025,35,107840,107840.0,Garden Fresh,Original,12.0,2,0.5,8.0,Louisville,KY
50,2025,36,107840,107840.0,Garden Fresh,Original,12.0,2,0.5,9.0,Louisville,KY
50,2025,37,107840,107840.0,Garden Fresh,Original,12.0,3,0.6666666666666666,9.0,Louisville,KY
50,2025,38,107840,107840.0,Garden Fresh,Original,12.0,3,0.6666666666666666,9.0,Louisville,KY
50,2025,39,107840,107840.0,Garden Fresh,Original,12.0,2,0.5,9.0,Louisville,KY
50,2025,40,107840,107840.0,Garden Fresh,Original,12.0,1,0.0,9.0,Louisville,KY
50,2025,41,107840,107840.0,Garden Fresh,Original,12.0,2,0.0,10.0,Louisville,KY
50,2025,42,107840,107840.0,Garden Fresh,Original,12.0,1,0.0,10.0,Louisville,KY
50,2025,43,107840,107840.0,Garden Fresh,Original,12.0,3,0.0,10.0,Louisville,KY
50,2025,33,107846,107846.0,Garden Fresh,Gluten Free,10.0,1,0.0,8.0,Louisville,KY
50,2025,34,107846,107846.0,Garden Fresh,Gluten Free,10.0,1,0.0,8.0,Louisville,KY
50,2025,40,107846,107846.0,Garden Fresh,Gluten Free,10.0,1,1.0,10.0,Louisville,KY
50,2025,32,107938,107938.0,Tuscan Six Cheese,Original,10.0,1,1.0,8.0,Louisville,KY
50,2025,36,107938,107938.0,Tuscan Six Cheese,Original,10.0,1,0.0,9.0,Louisville,KY
50,2025,39,107938,107938.0,Tuscan Six Cheese,Original,10.0,1,1.0,9.0,Louisville,KY
50,2025,40,107938,107938.0,Tuscan Six Cheese,Original,10.0,1,0.0,10.0,Louisville,KY
50,2025,28,107940,107940.0,Tuscan Six Cheese,Original,14.0,7,0.2857142857142857,7.0,Louisville,KY
50,2025,29,107940,107940.0,Tuscan Six Cheese,Original,14.0,3,1.0,7.0,Louisville,KY
50,2025,30,107940,107940.0,Tuscan Six Cheese,Original,14.0,9,0.3333333333333333,7.0,Louisville,KY
50,2025,31,107940,107940.0,Tuscan Six Cheese,Original,14.0,1,0.0,7.0,Louisville,KY
50,2025,32,107940,107940.0,Tuscan Six Cheese,Original,14.0,6,0.5,8.0,Louisville,KY
50,2025,33,107940,107940.0,Tuscan Six Cheese,Original,14.0,5,0.4,8.0,Louisville,KY
50,2025,34,107940,107940.0,Tuscan Six Cheese,Original,14.0,4,0.75,8.0,Louisville,KY
50,2025,35,107940,107940.0,Tuscan Six Cheese,Original,14.0,4,0.25,8.0,Louisville,KY
50,2025,36,107940,107940.0,Tuscan Six Cheese,Original,14.0,1,0.0,9.0,Louisville,KY
50,2025,37,107940,107940.0,Tuscan Six Cheese,Original,14.0,7,0.14285714285714285,9.0,Louisville,KY
50,2025,38,107940,107940.0,Tuscan Six Cheese,Original,14.0,4,0.75,9.0,Louisville,KY
50,2025,39,107940,107940.0,Tuscan Six Cheese,Original,14.0,2,0.0,9.0,Louisville,KY
50,2025,40,107940,107940.0,Tuscan Six Cheese,Original,14.0,3,0.3333333333333333,9.333333333333334,Louisville,KY
50,2025,41,107940,107940.0,Tuscan Six Cheese,Original,14.0,8,0.375,10.0,Louisville,KY
50,2025,43,107940,107940.0,Tuscan Six Cheese,Original,14.0,7,0.14285714285714285,10.0,Louisville,KY
50,2025,28,107942,107942.0,Tuscan Six Cheese,Thin,14.0,1,0.0,7.0,Louisville,KY
50,2025,29,107942,107942.0,Tuscan Six Cheese,Thin,14.0,1,0.0,7.0,Louisville,KY
50,2025,30,107942,107942.0,Tuscan Six Cheese,Thin,14.0,1,0.0,7.0,Louisville,KY
50,2025,35,107942,107942.0,Tuscan Six Cheese,Thin,14.0,1,0.0,8.0,Louisville,KY
50,2025,39,107942,107942.0,Tuscan Six Cheese,Thin,14.0,3,0.0,9.0,Louisville,KY
50,2025,40,107942,107942.0,Tuscan Six Cheese,Thin,14.0,1,0.0,10.0,Louisville,KY
50,2025,41,107942,107942.0,Tuscan Six Cheese,Thin,14.0,1,0.0,10.0,Louisville,KY
50,2025,42,107942,107942.0,Tuscan Six Cheese,Thin,14.0,1,1.0,10.0,Louisville,KY
50,2025,39,107944,107944.0,Tuscan Six Cheese,Original,16.0,1,0.0,9.0,Louisville,KY
50,2025,40,107944,107944.0,Tuscan Six Cheese,Original,16.0,2,0.0,10.0,Louisville,KY
50,2025,28,107948,107948.0,Tuscan Six Cheese,Original,12.0,3,0.3333333333333333,7.0,Louisville,KY
50,2025,30,107948,107948.0,Tuscan Six Cheese,Original,12.0,1,0.0,7.0,Louisville,KY
50,2025,35,107948,107948.0,Tuscan Six Cheese,Original,12.0,1,0.0,8.0,Louisville,KY
50,2025,39,107948,107948.0,Tuscan Six Cheese,Original,12.0,2,0.0,9.0,Louisville,KY
50,2025,40,107948,107948.0,Tuscan Six Cheese,Original,12.0,2,1.0,10.0,Louisville,KY
50,2025,27,108118,108118.0,1 Topping CYO,Original,10.0,66,0.4117647058823529,7.0,Louisville,KY
50,2025,28,108118,108118.0,1 Topping CYO,Original,10.0,55,0.06976744186046512,7.0,Louisville,KY
50,2025,29,108118,108118.0,1 Topping CYO,Original,10.0,61,0.2,7.0,Louisville,KY
50,2025,30,108118,108118.0,1 Topping CYO,Original,10.0,50,0.15789473684210525,7.0,Louisville,KY
50,2025,31,108118,108118.0,1 Topping CYO,Original,10.0,36,0.37142857142857144,7.514285714285714,Louisville,KY
50,2025,32,108118,108118.0,1 Topping CYO,Original,10.0,61,0.2545454545454545,8.0,Louisville,KY
50,2025,33,108118,108118.0,1 Topping CYO,Original,10.0,52,0.5208333333333334,8.0,Louisville,KY
50,2025,34,108118,108118.0,1 Topping CYO,Original,10.0,43,0.3055555555555556,8.0,Louisville,KY
50,2025,35,108118,108118.0,1 Topping CYO,Original,10.0,57,0.23529411764705882,8.0,Louisville,KY
50,2025,36,108118,108118.0,1 Topping CYO,Original,10.0,48,0.19047619047619047,9.0,Louisville,KY
50,2025,37,108118,108118.0,1 Topping CYO,Original,10.0,50,0.2826086956521739,9.0,Louisville,KY
50,2025,38,108118,108118.0,1 Topping CYO,Original,10.0,38,0.47058823529411764,9.0,Louisville,KY
50,2025,39,108118,108118.0,1 Topping CYO,Original,10.0,61,0.1864406779661017,9.0,Louisville,KY
50,2025,40,108118,108118.0,1 Topping CYO,Original,10.0,56,0.1836734693877551,9.755102040816327,Louisville,KY
50,2025,41,108118,108118.0,1 Topping CYO,Original,10.0,34,0.4,10.0,Louisville,KY
50,2025,42,108118,108118.0,1 Topping CYO,Original,10.0,40,0.25806451612903225,10.0,Louisville,KY
50,2025,43,108118,108118.0,1 Topping CYO,Original,10.0,47,0.4186046511627907,10.0,Louisville,KY
50,2025,27,108120,108120.0,1 Topping CYO,Original,14.0,404,0.4362244897959184,7.0,Louisville,KY
50,2025,28,108120,108120.0,1 Topping CYO,Original,14.0,516,0.40315315315315314,7.0,Louisville,KY
50,2025,29,108120,108120.0,1 Topping CYO,Original,14.0,685,0.3384146341463415,7.0,Louisville,KY
50,2025,30,108120,108120.0,1 Topping CYO,Original,14.0,551,0.31902985074626866,7.0,Louisville,KY
50,2025,31,108120,108120.0,1 Topping CYO,Original,14.0,541,0.29118773946360155,7.553639846743295,Louisville,KY
50,2025,32,108120,108120.0,1 Topping CYO,Original,14.0,484,0.3599137931034483,8.0,Louisville,KY
50,2025,33,108120,108120.0,1 Topping CYO,Original,14.0,439,0.3911007025761124,8.0,Louisville,KY
50,2025,34,108120,108120.0,1 Topping CYO,Original,14.0,553,0.5208791208791209,8.0,Louisville,KY
50,2025,35,108120,108120.0,1 Topping CYO,Original,14.0,571,0.46502057613168724,8.0,Louisville,KY
50,2025,36,108120,108120.0,1 Topping CYO,Original,14.0,580,0.2842535787321063,9.0,Louisville,KY
50,2025,37,108120,108120.0,1 Topping CYO,Original,14.0,675,0.3989071038251366,9.0,Louisville,KY
50,2025,38,108120,108120.0,1 Topping CYO,Original,14.0,715,0.3606271777003484,9.0,Louisville,KY
50,2025,39,108120,108120.0,1 Topping CYO,Original,14.0,621,0.4044265593561368,9.0,Louisville,KY
50,2025,40,108120,108120.0,1 Topping CYO,Original,14.0,437,0.412568306010929,9.811475409836065,Louisville,KY
50,2025,41,108120,108120.0,1 Topping CYO,Original,14.0,679,0.32884615384615384,10.0,Louisville,KY
50,2025,42,108120,108120.0,1 Topping CYO,Original,14.0,590,0.43538767395626243,10.0,Louisville,KY
50,2025,43,108120,108120.0,1 Topping CYO,Original,14.0,669,0.3925438596491228,10.0,Louisville,KY
50,2025,27,108122,108122.0,1 Topping CYO,Thin,14.0,41,0.5277777777777778,7.0,Louisville,KY
50,2025,28,108122,108122.0,1 Topping CYO,Thin,14.0,29,0.25,7.0,Louisville,KY
50,2025,29,108122,108122.0,1 Topping CYO,Thin,14.0,50,0.42,7.0,Louisville,KY
50,2025,30,108122,108122.0,1 Topping CYO,Thin,14.0,46,0.4666666666666667,7.0,Louisville,KY
50,2025,31,108122,108122.0,1 Topping CYO,Thin,14.0,30,0.5333333333333333,7.633333333333334,Louisville,KY
50,2025,32,108122,108122.0,1 Topping CYO,Thin,14.0,48,0.32558139534883723,8.0,Louisville,KY
50,2025,33,108122,108122.0,1 Topping CYO,Thin,14.0,29,0.4827586206896552,8.0,Louisville,KY
50,2025,34,108122,108122.0,1 Topping CYO,Thin,14.0,36,0.3142857142857143,8.0,Louisville,KY
50,2025,35,108122,108122.0,1 Topping CYO,Thin,14.0,37,0.3888888888888889,8.0,Louisville,KY
50,2025,36,108122,108122.0,1 Topping CYO,Thin,14.0,37,0.25,9.0,Louisville,KY
50,2025,37,108122,108122.0,1 Topping CYO,Thin,14.0,50,0.4375,9.0,Louisville,KY
50,2025,38,108122,108122.0,1 Topping CYO,Thin,14.0,42,0.30952380952380953,9.0,Louisville,KY
50,2025,39,108122,108122.0,1 Topping CYO,Thin,14.0,29,0.4090909090909091,9.0,Louisville,KY
50,2025,40,108122,108122.0,1 Topping CYO,Thin,14.0,34,0.3939393939393939,9.878787878787879,Louisville,KY
50,2025,41,108122,108122.0,1 Topping CYO,Thin,14.0,48,0.4418604651162791,10.0,Louisville,KY
50,2025,42,108122,108122.0,1 Topping CYO,Thin,14.0,39,0.4358974358974359,10.0,Louisville,KY
50,2025,43,108122,108122.0,1 Topping CYO,Thin,14.0,37,0.2727272727272727,10.0,Louisville,KY
50,2025,27,108124,108124.0,1 Topping CYO,Original,16.0,22,0.2727272727272727,7.0,Louisville,KY
50,2025,28,108124,108124.0,1 Topping CYO,Original,16.0,43,0.5121951219512195,7.0,Louisville,KY
50,2025,29,108124,108124.0,1 Topping CYO,Original,16.0,35,0.22857142857142856,7.0,Louisville,KY
50,2025,30,108124,108124.0,1 Topping CYO,Original,16.0,19,0.2777777777777778,7.0,Louisville,KY
50,2025,31,108124,108124.0,1 Topping CYO,Original,16.0,38,0.21875,7.5625,Louisville,KY
50,2025,32,108124,108124.0,1 Topping CYO,Original,16.0,42,0.23809523809523808,8.0,Louisville,KY
50,2025,33,108124,108124.0,1 Topping CYO,Original,16.0,28,0.4642857142857143,8.0,Louisville,KY
50,2025,34,108124,108124.0,1 Topping CYO,Original,16.0,12,0.16666666666666666,8.0,Louisville,KY
50,2025,35,108124,108124.0,1 Topping CYO,Original,16.0,32,0.53125,8.0,Louisville,KY
50,2025,36,108124,108124.0,1 Topping CYO,Original,16.0,15,0.4666666666666667,9.0,Louisville,KY
50,2025,37,108124,108124.0,1 Topping CYO,Original,16.0,31,0.25,9.0,Louisville,KY
50,2025,38,108124,108124.0,1 Topping CYO,Original,16.0,41,0.6923076923076923,9.0,Louisville,KY
50,2025,39,108124,108124.0,1 Topping CYO,Original,16.0,26,0.5,9.0,Louisville,KY
50,2025,40,108124,108124.0,1 Topping CYO,Original,16.0,20,0.35294117647058826,9.705882352941176,Louisville,KY
50,2025,27,108128,108128.0,1 Topping CYO,Original,12.0,166,0.45806451612903226,7.0,Louisville,KY
50,2025,28,108128,108128.0,1 Topping CYO,Original,12.0,270,0.44921875,7.0,Louisville,KY
50,2025,29,108128,108128.0,1 Topping CYO,Original,12.0,189,0.2756756756756757,7.0,Louisville,KY
50,2025,30,108128,108128.0,1 Topping CYO,Original,12.0,146,0.4057971014492754,7.0,Louisville,KY
50,2025,31,108128,108128.0,1 Topping CYO,Original,12.0,254,0.32661290322580644,7.568548387096774,Louisville,KY
50,2025,32,108128,108128.0,1 Topping CYO,Original,12.0,342,0.36363636363636365,8.0,Louisville,KY
50,2025,33,108128,108128.0,1 Topping CYO,Original,12.0,249,0.3469387755102041,8.0,Louisville,KY
50,2025,34,108128,108128.0,1 Topping CYO,Original,12.0,282,0.3483606557377049,8.0,Louisville,KY
50,2025,35,108128,108128.0,1 Topping CYO,Original,12.0,246,0.3286384976525822,8.0,Louisville,KY
50,2025,36,108128,108128.0,1 Topping CYO,Original,12.0,189,0.35795454545454547,9.0,Louisville,KY
50,2025,37,108128,108128.0,1 Topping CYO,Original,12.0,199,0.41578947368421054,9.0,Louisville,KY
50,2025,38,108128,108128.0,1 Topping CYO,Original,12.0,189,0.3423913043478261,9.0,Louisville,KY
50,2025,39,108128,108128.0,1 Topping CYO,Original,12.0,288,0.37543859649122807,9.0,Louisville,KY
50,2025,40,108128,108128.0,1 Topping CYO,Original,12.0,229,0.3256880733944954,9.76605504587156,Louisville,KY
50,2025,41,108128,108128.0,1 Topping CYO,Original,12.0,172,0.2857142857142857,10.0,Louisville,KY
50,2025,42,108128,108128.0,1 Topping CYO,Original,12.0,183,0.32044198895027626,10.0,Louisville,KY
50,2025,43,108128,108128.0,1 Topping CYO,Original,12.0,181,0.3508771929824561,10.0,Louisville,KY
50,2025,43,108130,108130.0,1 Topping CYO,Original,8.0,1,0.0,10.0,Louisville,KY
50,2025,27,108134,108134.0,1 Topping CYO,Gluten Free,10.0,7,0.14285714285714285,7.0,Louisville,KY
50,2025,28,108134,108134.0,1 Topping CYO,Gluten Free,10.0,10,0.3,7.0,Louisville,KY
50,2025,29,108134,108134.0,1 Topping CYO,Gluten Free,10.0,9,0.2857142857142857,7.0,Louisville,KY
50,2025,30,108134,108134.0,1 Topping CYO,Gluten Free,10.0,9,0.125,7.0,Louisville,KY
50,2025,31,108134,108134.0,1 Topping CYO,Gluten Free,10.0,2,0.0,7.0,Louisville,KY
50,2025,32,108134,108134.0,1 Topping CYO,Gluten Free,10.0,2,0.5,8.0,Louisville,KY
50,2025,33,108134,108134.0,1 Topping CYO,Gluten Free,10.0,4,0.5,8.0,Louisville,KY
50,2025,34,108134,108134.0,1 Topping CYO,Gluten Free,10.0,7,0.0,8.0,Louisville,KY
50,2025,35,108134,108134.0,1 Topping CYO,Gluten Free,10.0,3,0.6666666666666666,8.0,Louisville,KY
50,2025,36,108134,108134.0,1 Topping CYO,Gluten Free,10.0,7,0.3333333333333333,9.0,Louisville,KY
50,2025,37,108134,108134.0,1 Topping CYO,Gluten Free,10.0,4,0.25,9.0,Louisville,KY
50,2025,38,108134,108134.0,1 Topping CYO,Gluten Free,10.0,4,0.0,9.0,Louisville,KY
50,2025,39,108134,108134.0,1 Topping CYO,Gluten Free,10.0,8,0.25,9.0,Louisville,KY
50,2025,40,108134,108134.0,1 Topping CYO,Gluten Free,10.0,6,0.0,9.8,Louisville,KY
50,2025,41,108134,108134.0,1 Topping CYO,Gluten Free,10.0,3,0.6666666666666666,10.0,Louisville,KY
50,2025,42,108134,108134.0,1 Topping CYO,Gluten Free,10.0,4,0.0,10.0,Louisville,KY
50,2025,43,108134,108134.0,1 Topping CYO,Gluten Free,10.0,7,0.3333333333333333,10.0,Louisville,KY
50,2025,27,108136,108136.0,2 Topping CYO,Original,10.0,3,1.0,7.0,Louisville,KY
50,2025,28,108136,108136.0,2 Topping CYO,Original,10.0,16,0.21428571428571427,7.0,Louisville,KY
50,2025,29,108136,108136.0,2 Topping CYO,Original,10.0,12,0.2727272727272727,7.0,Louisville,KY
50,2025,30,108136,108136.0,2 Topping CYO,Original,10.0,9,0.16666666666666666,7.0,Louisville,KY
50,2025,31,108136,108136.0,2 Topping CYO,Original,10.0,8,0.3333333333333333,7.5,Louisville,KY
50,2025,32,108136,108136.0,2 Topping CYO,Original,10.0,10,0.0,8.0,Louisville,KY
50,2025,33,108136,108136.0,2 Topping CYO,Original,10.0,12,0.7,8.0,Louisville,KY
50,2025,34,108136,108136.0,2 Topping CYO,Original,10.0,7,0.16666666666666666,8.0,Louisville,KY
50,2025,35,108136,108136.0,2 Topping CYO,Original,10.0,11,0.2,8.0,Louisville,KY
50,2025,36,108136,108136.0,2 Topping CYO,Original,10.0,9,0.0,9.0,Louisville,KY
50,2025,37,108136,108136.0,2 Topping CYO,Original,10.0,14,0.2727272727272727,9.0,Louisville,KY
50,2025,38,108136,108136.0,2 Topping CYO,Original,10.0,15,0.3333333333333333,9.0,Louisville,KY
50,2025,39,108136,108136.0,2 Topping CYO,Original,10.0,13,0.38461538461538464,9.0,Louisville,KY
50,2025,40,108136,108136.0,2 Topping CYO,Original,10.0,11,0.2222222222222222,9.666666666666666,Louisville,KY
50,2025,41,108136,108136.0,2 Topping CYO,Original,10.0,12,0.45454545454545453,10.0,Louisville,KY
50,2025,42,108136,108136.0,2 Topping CYO,Original,10.0,13,0.16666666666666666,10.0,Louisville,KY
50,2025,43,108136,108136.0,2 Topping CYO,Original,10.0,13,0.6666666666666666,10.0,Louisville,KY
50,2025,27,108138,108138.0,2 Topping CYO,Original,14.0,72,0.3194444444444444,7.0,Louisville,KY
50,2025,28,108138,108138.0,2 Topping CYO,Original,14.0,74,0.3287671232876712,7.0,Louisville,KY
50,2025,29,108138,108138.0,2 Topping CYO,Original,14.0,103,0.4563106796116505,7.0,Louisville,KY
50,2025,30,108138,108138.0,2 Topping CYO,Original,14.0,88,0.3977272727272727,7.0,Louisville,KY
50,2025,31,108138,108138.0,2 Topping CYO,Original,14.0,93,0.3655913978494624,7.56989247311828,Louisville,KY
50,2025,32,108138,108138.0,2 Topping CYO,Original,14.0,85,0.35714285714285715,8.0,Louisville,KY
50,2025,33,108138,108138.0,2 Topping CYO,Original,14.0,81,0.35802469135802467,8.0,Louisville,KY
50,2025,34,108138,108138.0,2 Topping CYO,Original,14.0,93,0.34782608695652173,8.0,Louisville,KY
50,2025,35,108138,108138.0,2 Topping CYO,Original,14.0,109,0.3611111111111111,8.0,Louisville,KY
50,2025,36,108138,108138.0,2 Topping CYO,Original,14.0,83,0.35365853658536583,9.0,Louisville,KY
50,2025,37,108138,108138.0,2 Topping CYO,Original,14.0,117,0.4260869565217391,9.0,Louisville,KY
50,2025,38,108138,108138.0,2 Topping CYO,Original,14.0,151,0.40397350993377484,9.0,Louisville,KY
50,2025,39,108138,108138.0,2 Topping CYO,Original,14.0,128,0.4296875,9.0,Louisville,KY
50,2025,40,108138,108138.0,2 Topping CYO,Original,14.0,136,0.3897058823529412,9.852941176470589,Louisville,KY
50,2025,41,108138,108138.0,2 Topping CYO,Original,14.0,127,0.3464566929133858,10.0,Louisville,KY
50,2025,42,108138,108138.0,2 Topping CYO,Original,14.0,124,0.4112903225806452,10.0,Louisville,KY
50,2025,43,108138,108138.0,2 Topping CYO,Original,14.0,103,0.4411764705882353,10.0,Louisville,KY
50,2025,27,108140,108140.0,2 Topping CYO,Thin,14.0,8,0.5,7.0,Louisville,KY
50,2025,28,108140,108140.0,2 Topping CYO,Thin,14.0,18,0.29411764705882354,7.0,Louisville,KY
50,2025,29,108140,108140.0,2 Topping CYO,Thin,14.0,16,0.1875,7.0,Louisville,KY
50,2025,30,108140,108140.0,2 Topping CYO,Thin,14.0,14,0.42857142857142855,7.0,Louisville,KY
50,2025,31,108140,108140.0,2 Topping CYO,Thin,14.0,10,0.2,7.2,Louisville,KY
50,2025,32,108140,108140.0,2 Topping CYO,Thin,14.0,13,0.46153846153846156,8.0,Louisville,KY
50,2025,33,108140,108140.0,2 Topping CYO,Thin,14.0,24,0.2916666666666667,8.0,Louisville,KY
50,2025,34,108140,108140.0,2 Topping CYO,Thin,14.0,10,0.6,8.0,Louisville,KY
50,2025,35,108140,108140.0,2 Topping CYO,Thin,14.0,30,0.3448275862068966,8.0,Louisville,KY
50,2025,36,108140,108140.0,2 Topping CYO,Thin,14.0,22,0.45454545454545453,9.0,Louisville,KY
50,2025,37,108140,108140.0,2 Topping CYO,Thin,14.0,17,0.5294117647058824,9.0,Louisville,KY
50,2025,38,108140,108140.0,2 Topping CYO,Thin,14.0,33,0.48484848484848486,9.0,Louisville,KY
50,2025,39,108140,108140.0,2 Topping CYO,Thin,14.0,25,0.52,9.0,Louisville,KY
50,2025,40,108140,108140.0,2 Topping CYO,Thin,14.0,21,0.14285714285714285,9.857142857142858,Louisville,KY
50,2025,41,108140,108140.0,2 Topping CYO,Thin,14.0,30,0.4,10.0,Louisville,KY
50,2025,42,108140,108140.0,2 Topping CYO,Thin,14.0,23,0.21739130434782608,10.0,Louisville,KY
50,2025,43,108140,108140.0,2 Topping CYO,Thin,14.0,14,0.42857142857142855,10.0,Louisville,KY
50,2025,27,108142,108142.0,2 Topping CYO,Original,16.0,3,0.6666666666666666,7.0,Louisville,KY
50,2025,28,108142,108142.0,2 Topping CYO,Original,16.0,5,0.6,7.0,Louisville,KY
50,2025,29,108142,108142.0,2 Topping CYO,Original,16.0,14,0.21428571428571427,7.0,Louisville,KY
50,2025,30,108142,108142.0,2 Topping CYO,Original,16.0,6,0.4,7.0,Louisville,KY
50,2025,31,108142,108142.0,2 Topping CYO,Original,16.0,10,0.5,7.6,Louisville,KY
50,2025,32,108142,108142.0,2 Topping CYO,Original,16.0,3,0.6666666666666666,8.0,Louisville,KY
50,2025,33,108142,108142.0,2 Topping CYO,Original,16.0,6,0.6666666666666666,8.0,Louisville,KY
50,2025,34,108142,108142.0,2 Topping CYO,Original,16.0,4,0.5,8.0,Louisville,KY
50,2025,35,108142,108142.0,2 Topping CYO,Original,16.0,4,0.75,8.0,Louisville,KY
50,2025,36,108142,108142.0,2 Topping CYO,Original,16.0,2,0.5,9.0,Louisville,KY
50,2025,37,108142,108142.0,2 Topping CYO,Original,16.0,10,0.4,9.0,Louisville,KY
50,2025,38,108142,108142.0,2 Topping CYO,Original,16.0,14,0.35714285714285715,9.0,Louisville,KY
50,2025,39,108142,108142.0,2 Topping CYO,Original,16.0,5,0.4,9.0,Louisville,KY
50,2025,40,108142,108142.0,2 Topping CYO,Original,16.0,2,0.0,10.0,Louisville,KY
50,2025,27,108146,108146.0,2 Topping CYO,Original,12.0,59,0.3684210526315789,7.0,Louisville,KY
50,2025,28,108146,108146.0,2 Topping CYO,Original,12.0,79,0.3333333333333333,7.0,Louisville,KY
50,2025,29,108146,108146.0,2 Topping CYO,Original,12.0,53,0.28,7.0,Louisville,KY
50,2025,30,108146,108146.0,2 Topping CYO,Original,12.0,49,0.2708333333333333,7.0,Louisville,KY
50,2025,31,108146,108146.0,2 Topping CYO,Original,12.0,82,0.3625,7.5,Louisville,KY
50,2025,32,108146,108146.0,2 Topping CYO,Original,12.0,79,0.3684210526315789,8.0,Louisville,KY
50,2025,33,108146,108146.0,2 Topping CYO,Original,12.0,88,0.26136363636363635,8.0,Louisville,KY
50,2025,34,108146,108146.0,2 Topping CYO,Original,12.0,78,0.19736842105263158,8.0,Louisville,KY
50,2025,35,108146,108146.0,2 Topping CYO,Original,12.0,78,0.4657534246575342,8.0,Louisville,KY
50,2025,36,108146,108146.0,2 Topping CYO,Original,12.0,68,0.4153846153846154,9.0,Louisville,KY
50,2025,37,108146,108146.0,2 Topping CYO,Original,12.0,88,0.29545454545454547,9.0,Louisville,KY
50,2025,38,108146,108146.0,2 Topping CYO,Original,12.0,87,0.3780487804878049,9.0,Louisville,KY
50,2025,39,108146,108146.0,2 Topping CYO,Original,12.0,84,0.25,9.0,Louisville,KY
50,2025,40,108146,108146.0,2 Topping CYO,Original,12.0,81,0.2962962962962963,9.716049382716049,Louisville,KY
50,2025,41,108146,108146.0,2 Topping CYO,Original,12.0,65,0.24193548387096775,10.0,Louisville,KY
50,2025,42,108146,108146.0,2 Topping CYO,Original,12.0,50,0.24,10.0,Louisville,KY
50,2025,43,108146,108146.0,2 Topping CYO,Original,12.0,51,0.37254901960784315,10.0,Louisville,KY
50,2025,27,108152,108152.0,2 Topping CYO,Gluten Free,10.0,1,1.0,7.0,Louisville,KY
50,2025,28,108152,108152.0,2 Topping CYO,Gluten Free,10.0,2,0.0,7.0,Louisville,KY
50,2025,29,108152,108152.0,2 Topping CYO,Gluten Free,10.0,2,0.5,7.0,Louisville,KY
50,2025,30,108152,108152.0,2 Topping CYO,Gluten Free,10.0,4,0.5,7.0,Louisville,KY
50,2025,31,108152,108152.0,2 Topping CYO,Gluten Free,10.0,6,0.6666666666666666,7.666666666666667,Louisville,KY
50,2025,32,108152,108152.0,2 Topping CYO,Gluten Free,10.0,1,0.0,8.0,Louisville,KY
50,2025,34,108152,108152.0,2 Topping CYO,Gluten Free,10.0,1,0.0,8.0,Louisville,KY
50,2025,35,108152,108152.0,2 Topping CYO,Gluten Free,10.0,1,0.0,8.0,Louisville,KY
50,2025,36,108152,108152.0,2 Topping CYO,Gluten Free,10.0,3,0.3333333333333333,9.0,Louisville,KY
50,2025,37,108152,108152.0,2 Topping CYO,Gluten Free,10.0,7,0.6666666666666666,9.0,Louisville,KY
50,2025,38,108152,108152.0,2 Topping CYO,Gluten Free,10.0,4,0.25,9.0,Louisville,KY
50,2025,39,108152,108152.0,2 Topping CYO,Gluten Free,10.0,4,0.5,9.0,Louisville,KY
50,2025,40,108152,108152.0,2 Topping CYO,Gluten Free,10.0,3,1.0,10.0,Louisville,KY
50,2025,41,108152,108152.0,2 Topping CYO,Gluten Free,10.0,1,0.0,10.0,Louisville,KY
50,2025,42,108152,108152.0,2 Topping CYO,Gluten Free,10.0,3,0.3333333333333333,10.0,Louisville,KY
50,2025,43,108152,108152.0,2 Topping CYO,Gluten Free,10.0,2,0.0,10.0,Louisville,KY
50,2025,27,108154,108154.0,3 Topping CYO,Original,10.0,9,0.3333333333333333,7.0,Louisville,KY
50,2025,28,108154,108154.0,3 Topping CYO,Original,10.0,10,0.1111111111111111,7.0,Louisville,KY
50,2025,29,108154,108154.0,3 Topping CYO,Original,10.0,9,0.3333333333333333,7.0,Louisville,KY
50,2025,30,108154,108154.0,3 Topping CYO,Original,10.0,9,0.3333333333333333,7.0,Louisville,KY
50,2025,31,108154,108154.0,3 Topping CYO,Original,10.0,5,0.5,7.5,Louisville,KY
50,2025,32,108154,108154.0,3 Topping CYO,Original,10.0,5,0.6,8.0,Louisville,KY
50,2025,33,108154,108154.0,3 Topping CYO,Original,10.0,7,0.42857142857142855,8.0,Louisville,KY
50,2025,34,108154,108154.0,3 Topping CYO,Original,10.0,5,0.5,8.0,Louisville,KY
50,2025,35,108154,108154.0,3 Topping CYO,Original,10.0,3,0.0,8.0,Louisville,KY
50,2025,36,108154,108154.0,3 Topping CYO,Original,10.0,6,0.25,9.0,Louisville,KY
50,2025,37,108154,108154.0,3 Topping CYO,Original,10.0,6,0.16666666666666666,9.0,Louisville,KY
50,2025,38,108154,108154.0,3 Topping CYO,Original,10.0,2,0.0,9.0,Louisville,KY
50,2025,39,108154,108154.0,3 Topping CYO,Original,10.0,5,0.2,9.0,Louisville,KY
50,2025,40,108154,108154.0,3 Topping CYO,Original,10.0,5,0.75,9.75,Louisville,KY
50,2025,41,108154,108154.0,3 Topping CYO,Original,10.0,3,0.3333333333333333,10.0,Louisville,KY
50,2025,42,108154,108154.0,3 Topping CYO,Original,10.0,4,0.5,10.0,Louisville,KY
50,2025,43,108154,108154.0,3 Topping CYO,Original,10.0,7,0.2,10.0,Louisville,KY
50,2025,27,108156,108156.0,3 Topping CYO,Original,14.0,24,0.25,7.0,Louisville,KY
50,2025,28,108156,108156.0,3 Topping CYO,Original,14.0,25,0.36,7.0,Louisville,KY
50,2025,29,108156,108156.0,3 Topping CYO,Original,14.0,27,0.3333333333333333,7.0,Louisville,KY
50,2025,30,108156,108156.0,3 Topping CYO,Original,14.0,32,0.12903225806451613,7.0,Louisville,KY
50,2025,31,108156,108156.0,3 Topping CYO,Original,14.0,26,0.4230769230769231,7.538461538461538,Louisville,KY
50,2025,32,108156,108156.0,3 Topping CYO,Original,14.0,28,0.21428571428571427,8.0,Louisville,KY
50,2025,33,108156,108156.0,3 Topping CYO,Original,14.0,29,0.3103448275862069,8.0,Louisville,KY
50,2025,34,108156,108156.0,3 Topping CYO,Original,14.0,20,0.7,8.0,Louisville,KY
50,2025,35,108156,108156.0,3 Topping CYO,Original,14.0,17,0.35294117647058826,8.0,Louisville,KY
50,2025,36,108156,108156.0,3 Topping CYO,Original,14.0,24,0.21739130434782608,9.0,Louisville,KY
50,2025,37,108156,108156.0,3 Topping CYO,Original,14.0,44,0.4772727272727273,9.0,Louisville,KY
50,2025,38,108156,108156.0,3 Topping CYO,Original,14.0,43,0.4146341463414634,9.0,Louisville,KY
50,2025,39,108156,108156.0,3 Topping CYO,Original,14.0,34,0.5151515151515151,9.0,Louisville,KY
50,2025,40,108156,108156.0,3 Topping CYO,Original,14.0,26,0.56,9.96,Louisville,KY
50,2025,41,108156,108156.0,3 Topping CYO,Original,14.0,43,0.23255813953488372,10.0,Louisville,KY
50,2025,42,108156,108156.0,3 Topping CYO,Original,14.0,26,0.38461538461538464,10.0,Louisville,KY
50,2025,43,108156,108156.0,3 Topping CYO,Original,14.0,36,0.2857142857142857,10.0,Louisville,KY
50,2025,27,108158,108158.0,3 Topping CYO,Thin,14.0,4,0.0,7.0,Louisville,KY
50,2025,28,108158,108158.0,3 Topping CYO,Thin,14.0,8,0.25,7.0,Louisville,KY
50,2025,29,108158,108158.0,3 Topping CYO,Thin,14.0,7,0.7142857142857143,7.0,Louisville,KY
50,2025,30,108158,108158.0,3 Topping CYO,Thin,14.0,4,0.5,7.0,Louisville,KY
50,2025,31,108158,108158.0,3 Topping CYO,Thin,14.0,1,0.0,8.0,Louisville,KY
50,2025,32,108158,108158.0,3 Topping CYO,Thin,14.0,5,0.4,8.0,Louisville,KY
50,2025,33,108158,108158.0,3 Topping CYO,Thin,14.0,6,0.16666666666666666,8.0,Louisville,KY
50,2025,34,108158,108158.0,3 Topping CYO,Thin,14.0,4,0.5,8.0,Louisville,KY
50,2025,35,108158,108158.0,3 Topping CYO,Thin,14.0,10,0.3333333333333333,8.0,Louisville,KY
50,2025,36,108158,108158.0,3 Topping CYO,Thin,14.0,5,0.6,9.0,Louisville,KY
50,2025,37,108158,108158.0,3 Topping CYO,Thin,14.0,9,0.5555555555555556,9.0,Louisville,KY
50,2025,38,108158,108158.0,3 Topping CYO,Thin,14.0,9,0.2222222222222222,9.0,Louisville,KY
50,2025,39,108158,108158.0,3 Topping CYO,Thin,14.0,11,0.6363636363636364,9.0,Louisville,KY
50,2025,40,108158,108158.0,3 Topping CYO,Thin,14.0,12,0.4166666666666667,9.75,Louisville,KY
50,2025,41,108158,108158.0,3 Topping CYO,Thin,14.0,5,0.6,10.0,Louisville,KY
50,2025,42,108158,108158.0,3 Topping CYO,Thin,14.0,4,0.5,10.0,Louisville,KY
50,2025,43,108158,108158.0,3 Topping CYO,Thin,14.0,9,0.7777777777777778,10.0,Louisville,KY
50,2025,27,108160,108160.0,3 Topping CYO,Original,16.0,5,0.4,7.0,Louisville,KY
50,2025,28,108160,108160.0,3 Topping CYO,Original,16.0,5,0.4,7.0,Louisville,KY
50,2025,29,108160,108160.0,3 Topping CYO,Original,16.0,4,0.25,7.0,Louisville,KY
50,2025,30,108160,108160.0,3 Topping CYO,Original,16.0,2,0.5,7.0,Louisville,KY
50,2025,31,108160,108160.0,3 Topping CYO,Original,16.0,3,1.0,8.0,Louisville,KY
50,2025,32,108160,108160.0,3 Topping CYO,Original,16.0,4,0.25,8.0,Louisville,KY
50,2025,33,108160,108160.0,3 Topping CYO,Original,16.0,2,0.5,8.0,Louisville,KY
50,2025,34,108160,108160.0,3 Topping CYO,Original,16.0,4,0.5,8.0,Louisville,KY
50,2025,35,108160,108160.0,3 Topping CYO,Original,16.0,4,0.75,8.0,Louisville,KY
50,2025,36,108160,108160.0,3 Topping CYO,Original,16.0,3,0.3333333333333333,9.0,Louisville,KY
50,2025,37,108160,108160.0,3 Topping CYO,Original,16.0,3,0.6666666666666666,9.0,Louisville,KY
50,2025,38,108160,108160.0,3 Topping CYO,Original,16.0,3,0.3333333333333333,9.0,Louisville,KY
50,2025,39,108160,108160.0,3 Topping CYO,Original,16.0,4,0.25,9.0,Louisville,KY
50,2025,40,108160,108160.0,3 Topping CYO,Original,16.0,3,0.3333333333333333,9.666666666666666,Louisville,KY
50,2025,41,108160,108160.0,3 Topping CYO,Original,16.0,1,1.0,10.0,Louisville,KY
50,2025,27,108164,108164.0,3 Topping CYO,Original,12.0,23,0.5,7.0,Louisville,KY
50,2025,28,108164,108164.0,3 Topping CYO,Original,12.0,15,0.26666666666666666,7.0,Louisville,KY
50,2025,29,108164,108164.0,3 Topping CYO,Original,12.0,18,0.3888888888888889,7.0,Louisville,KY
50,2025,30,108164,108164.0,3 Topping CYO,Original,12.0,15,0.4,7.0,Louisville,KY
50,2025,31,108164,108164.0,3 Topping CYO,Original,12.0,14,0.42857142857142855,7.642857142857143,Louisville,KY
50,2025,32,108164,108164.0,3 Topping CYO,Original,12.0,17,0.4117647058823529,8.0,Louisville,KY
50,2025,33,108164,108164.0,3 Topping CYO,Original,12.0,19,0.3888888888888889,8.0,Louisville,KY
50,2025,34,108164,108164.0,3 Topping CYO,Original,12.0,17,0.13333333333333333,8.0,Louisville,KY
50,2025,35,108164,108164.0,3 Topping CYO,Original,12.0,15,0.5714285714285714,8.0,Louisville,KY
50,2025,36,108164,108164.0,3 Topping CYO,Original,12.0,18,0.2222222222222222,9.0,Louisville,KY
50,2025,37,108164,108164.0,3 Topping CYO,Original,12.0,18,0.5,9.0,Louisville,KY
50,2025,38,108164,108164.0,3 Topping CYO,Original,12.0,18,0.6666666666666666,9.0,Louisville,KY
50,2025,39,108164,108164.0,3 Topping CYO,Original,12.0,15,0.2,9.0,Louisville,KY
50,2025,40,108164,108164.0,3 Topping CYO,Original,12.0,18,0.47058823529411764,9.882352941176471,Louisville,KY
50,2025,41,108164,108164.0,3 Topping CYO,Original,12.0,18,0.4375,10.0,Louisville,KY
50,2025,42,108164,108164.0,3 Topping CYO,Original,12.0,14,0.2857142857142857,10.0,Louisville,KY
50,2025,43,108164,108164.0,3 Topping CYO,Original,12.0,17,0.29411764705882354,10.0,Louisville,KY
50,2025,27,108170,108170.0,3 Topping CYO,Gluten Free,10.0,1,1.0,7.0,Louisville,KY
50,2025,28,108170,108170.0,3 Topping CYO,Gluten Free,10.0,2,0.5,7.0,Louisville,KY
50,2025,32,108170,108170.0,3 Topping CYO,Gluten Free,10.0,1,0.0,8.0,Louisville,KY
50,2025,35,108170,108170.0,3 Topping CYO,Gluten Free,10.0,3,0.5,8.0,Louisville,KY
50,2025,36,108170,108170.0,3 Topping CYO,Gluten Free,10.0,2,1.0,9.0,Louisville,KY
50,2025,37,108170,108170.0,3 Topping CYO,Gluten Free,10.0,6,0.0,9.0,Louisville,KY
50,2025,38,108170,108170.0,3 Topping CYO,Gluten Free,10.0,4,0.25,9.0,Louisville,KY
50,2025,39,108170,108170.0,3 Topping CYO,Gluten Free,10.0,4,0.0,9.0,Louisville,KY
50,2025,40,108170,108170.0,3 Topping CYO,Gluten Free,10.0,1,1.0,10.0,Louisville,KY
50,2025,41,108170,108170.0,3 Topping CYO,Gluten Free,10.0,1,0.0,10.0,Louisville,KY
50,2025,42,108170,108170.0,3 Topping CYO,Gluten Free,10.0,2,0.0,10.0,Louisville,KY
50,2025,43,108170,108170.0,3 Topping CYO,Gluten Free,10.0,1,0.0,10.0,Louisville,KY
50,2025,27,108172,108172.0,4 Topping CYO,Original,10.0,1,1.0,7.0,Louisville,KY
50,2025,28,108172,108172.0,4 Topping CYO,Original,10.0,2,0.5,7.0,Louisville,KY
50,2025,29,108172,108172.0,4 Topping CYO,Original,10.0,2,0.5,7.0,Louisville,KY
50,2025,30,108172,108172.0,4 Topping CYO,Original,10.0,1,0.0,7.0,Louisville,KY
50,2025,32,108172,108172.0,4 Topping CYO,Original,10.0,1,0.0,8.0,Louisville,KY
50,2025,33,108172,108172.0,4 Topping CYO,Original,10.0,5,0.6,8.0,Louisville,KY
50,2025,34,108172,108172.0,4 Topping CYO,Original,10.0,2,0.5,8.0,Louisville,KY
50,2025,35,108172,108172.0,4 Topping CYO,Original,10.0,4,0.3333333333333333,8.0,Louisville,KY
50,2025,37,108172,108172.0,4 Topping CYO,Original,10.0,1,1.0,9.0,Louisville,KY
50,2025,38,108172,108172.0,4 Topping CYO,Original,10.0,2,0.0,9.0,Louisville,KY
50,2025,39,108172,108172.0,4 Topping CYO,Original,10.0,3,0.0,9.0,Louisville,KY
50,2025,40,108172,108172.0,4 Topping CYO,Original,10.0,1,0.0,10.0,Louisville,KY
50,2025,41,108172,108172.0,4 Topping CYO,Original,10.0,6,0.5,10.0,Louisville,KY
50,2025,42,108172,108172.0,4 Topping CYO,Original,10.0,3,0.3333333333333333,10.0,Louisville,KY
50,2025,43,108172,108172.0,4 Topping CYO,Original,10.0,2,0.5,10.0,Louisville,KY
50,2025,27,108174,108174.0,4 Topping CYO,Original,14.0,15,0.4666666666666667,7.0,Louisville,KY
50,2025,28,108174,108174.0,4 Topping CYO,Original,14.0,11,0.5454545454545454,7.0,Louisville,KY
50,2025,29,108174,108174.0,4 Topping CYO,Original,14.0,9,0.3333333333333333,7.0,Louisville,KY
50,2025,30,108174,108174.0,4 Topping CYO,Original,14.0,21,0.2857142857142857,7.0,Louisville,KY
50,2025,31,108174,108174.0,4 Topping CYO,Original,14.0,15,0.2,7.466666666666667,Louisville,KY
50,2025,32,108174,108174.0,4 Topping CYO,Original,14.0,16,0.4375,8.0,Louisville,KY
50,2025,33,108174,108174.0,4 Topping CYO,Original,14.0,8,0.5,8.0,Louisville,KY
50,2025,34,108174,108174.0,4 Topping CYO,Original,14.0,15,0.4666666666666667,8.0,Louisville,KY
50,2025,35,108174,108174.0,4 Topping CYO,Original,14.0,8,0.375,8.0,Louisville,KY
50,2025,36,108174,108174.0,4 Topping CYO,Original,14.0,14,0.21428571428571427,9.0,Louisville,KY
50,2025,37,108174,108174.0,4 Topping CYO,Original,14.0,19,0.2631578947368421,9.0,Louisville,KY
50,2025,38,108174,108174.0,4 Topping CYO,Original,14.0,27,0.3333333333333333,9.0,Louisville,KY
50,2025,39,108174,108174.0,4 Topping CYO,Original,14.0,16,0.1875,9.0,Louisville,KY
50,2025,40,108174,108174.0,4 Topping CYO,Original,14.0,19,0.631578947368421,9.894736842105264,Louisville,KY
50,2025,41,108174,108174.0,4 Topping CYO,Original,14.0,15,0.06666666666666667,10.0,Louisville,KY
50,2025,42,108174,108174.0,4 Topping CYO,Original,14.0,21,0.2,10.0,Louisville,KY
50,2025,43,108174,108174.0,4 Topping CYO,Original,14.0,13,0.5384615384615384,10.0,Louisville,KY
50,2025,27,108176,108176.0,4 Topping CYO,Thin,14.0,1,1.0,7.0,Louisville,KY
50,2025,28,108176,108176.0,4 Topping CYO,Thin,14.0,5,0.8,7.0,Louisville,KY
50,2025,29,108176,108176.0,4 Topping CYO,Thin,14.0,1,0.0,7.0,Louisville,KY
50,2025,30,108176,108176.0,4 Topping CYO,Thin,14.0,4,0.75,7.0,Louisville,KY
50,2025,31,108176,108176.0,4 Topping CYO,Thin,14.0,3,0.0,7.0,Louisville,KY
50,2025,32,108176,108176.0,4 Topping CYO,Thin,14.0,6,0.0,8.0,Louisville,KY
50,2025,33,108176,108176.0,4 Topping CYO,Thin,14.0,4,0.25,8.0,Louisville,KY
50,2025,34,108176,108176.0,4 Topping CYO,Thin,14.0,2,1.0,8.0,Louisville,KY
50,2025,35,108176,108176.0,4 Topping CYO,Thin,14.0,3,0.3333333333333333,8.0,Louisville,KY
50,2025,36,108176,108176.0,4 Topping CYO,Thin,14.0,4,0.5,9.0,Louisville,KY
50,2025,37,108176,108176.0,4 Topping CYO,Thin,14.0,6,0.16666666666666666,9.0,Louisville,KY
50,2025,38,108176,108176.0,4 Topping CYO,Thin,14.0,7,0.0,9.0,Louisville,KY
50,2025,39,108176,108176.0,4 Topping CYO,Thin,14.0,1,0.0,9.0,Louisville,KY
50,2025,40,108176,108176.0,4 Topping CYO,Thin,14.0,4,0.25,10.0,Louisville,KY
50,2025,41,108176,108176.0,4 Topping CYO,Thin,14.0,4,0.75,10.0,Louisville,KY
50,2025,42,108176,108176.0,4 Topping CYO,Thin,14.0,3,0.3333333333333333,10.0,Louisville,KY
50,2025,43,108176,108176.0,4 Topping CYO,Thin,14.0,4,0.75,10.0,Louisville,KY
50,2025,27,108178,108178.0,4 Topping CYO,Original,16.0,2,1.0,7.0,Louisville,KY
50,2025,29,108178,108178.0,4 Topping CYO,Original,16.0,1,1.0,7.0,Louisville,KY
50,2025,30,108178,108178.0,4 Topping CYO,Original,16.0,1,1.0,7.0,Louisville,KY
50,2025,31,108178,108178.0,4 Topping CYO,Original,16.0,1,0.0,7.0,Louisville,KY
50,2025,33,108178,108178.0,4 Topping CYO,Original,16.0,2,0.0,8.0,Louisville,KY
50,2025,34,108178,108178.0,4 Topping CYO,Original,16.0,2,0.0,8.0,Louisville,KY
50,2025,36,108178,108178.0,4 Topping CYO,Original,16.0,2,0.5,9.0,Louisville,KY
50,2025,38,108178,108178.0,4 Topping CYO,Original,16.0,2,0.5,9.0,Louisville,KY
50,2025,39,108178,108178.0,4 Topping CYO,Original,16.0,3,1.0,9.0,Louisville,KY
50,2025,40,108178,108178.0,4 Topping CYO,Original,16.0,1,0.0,10.0,Louisville,KY
50,2025,27,108182,108182.0,4 Topping CYO,Original,12.0,11,0.18181818181818182,7.0,Louisville,KY
50,2025,28,108182,108182.0,4 Topping CYO,Original,12.0,12,0.4166666666666667,7.0,Louisville,KY
50,2025,29,108182,108182.0,4 Topping CYO,Original,12.0,6,0.5,7.0,Louisville,KY
50,2025,30,108182,108182.0,4 Topping CYO,Original,12.0,7,0.16666666666666666,7.0,Louisville,KY
50,2025,31,108182,108182.0,4 Topping CYO,Original,12.0,11,0.18181818181818182,7.2727272727272725,Louisville,KY
50,2025,32,108182,108182.0,4 Topping CYO,Original,12.0,7,0.14285714285714285,8.0,Louisville,KY
50,2025,33,108182,108182.0,4 Topping CYO,Original,12.0,8,0.25,8.0,Louisville,KY
50,2025,34,108182,108182.0,4 Topping CYO,Original,12.0,6,0.4,8.0,Louisville,KY
50,2025,35,108182,108182.0,4 Topping CYO,Original,12.0,13,0.23076923076923078,8.0,Louisville,KY
50,2025,36,108182,108182.0,4 Topping CYO,Original,12.0,4,0.6666666666666666,9.0,Louisville,KY
50,2025,37,108182,108182.0,4 Topping CYO,Original,12.0,7,0.14285714285714285,9.0,Louisville,KY
50,2025,38,108182,108182.0,4 Topping CYO,Original,12.0,4,0.75,9.0,Louisville,KY
50,2025,39,108182,108182.0,4 Topping CYO,Original,12.0,6,0.5,9.0,Louisville,KY
50,2025,40,108182,108182.0,4 Topping CYO,Original,12.0,4,0.5,9.5,Louisville,KY
50,2025,41,108182,108182.0,4 Topping CYO,Original,12.0,11,0.1111111111111111,10.0,Louisville,KY
50,2025,42,108182,108182.0,4 Topping CYO,Original,12.0,5,0.4,10.0,Louisville,KY
50,2025,43,108182,108182.0,4 Topping CYO,Original,12.0,7,0.14285714285714285,10.0,Louisville,KY
50,2025,27,108188,108188.0,4 Topping CYO,Gluten Free,10.0,1,1.0,7.0,Louisville,KY
50,2025,28,108188,108188.0,4 Topping CYO,Gluten Free,10.0,2,1.0,7.0,Louisville,KY
50,2025,31,108188,108188.0,4 Topping CYO,Gluten Free,10.0,1,0.0,7.0,Louisville,KY
50,2025,32,108188,108188.0,4 Topping CYO,Gluten Free,10.0,1,1.0,8.0,Louisville,KY
50,2025,33,108188,108188.0,4 Topping CYO,Gluten Free,10.0,1,0.0,8.0,Louisville,KY
50,2025,35,108188,108188.0,4 Topping CYO,Gluten Free,10.0,1,1.0,8.0,Louisville,KY
50,2025,38,108188,108188.0,4 Topping CYO,Gluten Free,10.0,1,1.0,9.0,Louisville,KY
50,2025,42,108188,108188.0,4 Topping CYO,Gluten Free,10.0,1,0.0,10.0,Louisville,KY
50,2025,28,108190,108190.0,5 Topping CYO,Original,10.0,2,0.0,7.0,Louisville,KY
50,2025,29,108190,108190.0,5 Topping CYO,Original,10.0,2,0.5,7.0,Louisville,KY
50,2025,30,108190,108190.0,5 Topping CYO,Original,10.0,2,0.0,7.0,Louisville,KY
50,2025,32,108190,108190.0,5 Topping CYO,Original,10.0,3,0.3333333333333333,8.0,Louisville,KY
50,2025,33,108190,108190.0,5 Topping CYO,Original,10.0,1,0.0,8.0,Louisville,KY
50,2025,34,108190,108190.0,5 Topping CYO,Original,10.0,1,0.0,8.0,Louisville,KY
50,2025,35,108190,108190.0,5 Topping CYO,Original,10.0,1,0.0,8.0,Louisville,KY
50,2025,36,108190,108190.0,5 Topping CYO,Original,10.0,1,0.0,9.0,Louisville,KY
50,2025,37,108190,108190.0,5 Topping CYO,Original,10.0,3,0.0,9.0,Louisville,KY
50,2025,38,108190,108190.0,5 Topping CYO,Original,10.0,1,1.0,9.0,Louisville,KY
50,2025,39,108190,108190.0,5 Topping CYO,Original,10.0,4,0.0,9.0,Louisville,KY
50,2025,40,108190,108190.0,5 Topping CYO,Original,10.0,1,1.0,10.0,Louisville,KY
50,2025,41,108190,108190.0,5 Topping CYO,Original,10.0,1,0.0,10.0,Louisville,KY
50,2025,42,108190,108190.0,5 Topping CYO,Original,10.0,1,0.0,10.0,Louisville,KY
50,2025,27,108192,108192.0,5 Topping CYO,Original,14.0,13,0.5384615384615384,7.0,Louisville,KY
50,2025,28,108192,108192.0,5 Topping CYO,Original,14.0,10,0.7,7.0,Louisville,KY
50,2025,29,108192,108192.0,5 Topping CYO,Original,14.0,11,0.09090909090909091,7.0,Louisville,KY
50,2025,30,108192,108192.0,5 Topping CYO,Original,14.0,14,0.5,7.0,Louisville,KY
50,2025,31,108192,108192.0,5 Topping CYO,Original,14.0,19,0.2222222222222222,7.555555555555555,Louisville,KY
50,2025,32,108192,108192.0,5 Topping CYO,Original,14.0,10,0.5,8.0,Louisville,KY
50,2025,33,108192,108192.0,5 Topping CYO,Original,14.0,11,0.2727272727272727,8.0,Louisville,KY
50,2025,34,108192,108192.0,5 Topping CYO,Original,14.0,9,0.4444444444444444,8.0,Louisville,KY
50,2025,35,108192,108192.0,5 Topping CYO,Original,14.0,10,0.5,8.0,Louisville,KY
50,2025,36,108192,108192.0,5 Topping CYO,Original,14.0,17,0.7058823529411765,9.0,Louisville,KY
50,2025,37,108192,108192.0,5 Topping CYO,Original,14.0,20,0.4,9.0,Louisville,KY
50,2025,38,108192,108192.0,5 Topping CYO,Original,14.0,16,0.5625,9.0,Louisville,KY
50,2025,39,108192,108192.0,5 Topping CYO,Original,14.0,16,0.25,9.0,Louisville,KY
50,2025,40,108192,108192.0,5 Topping CYO,Original,14.0,19,0.2777777777777778,9.833333333333334,Louisville,KY
50,2025,41,108192,108192.0,5 Topping CYO,Original,14.0,18,0.2777777777777778,10.0,Louisville,KY
50,2025,42,108192,108192.0,5 Topping CYO,Original,14.0,21,0.42857142857142855,10.0,Louisville,KY
50,2025,43,108192,108192.0,5 Topping CYO,Original,14.0,8,0.5,10.0,Louisville,KY
50,2025,27,108194,108194.0,5 Topping CYO,Thin,14.0,2,0.5,7.0,Louisville,KY
50,2025,28,108194,108194.0,5 Topping CYO,Thin,14.0,9,0.6666666666666666,7.0,Louisville,KY
50,2025,29,108194,108194.0,5 Topping CYO,Thin,14.0,4,0.25,7.0,Louisville,KY
50,2025,30,108194,108194.0,5 Topping CYO,Thin,14.0,10,0.5,7.0,Louisville,KY
50,2025,31,108194,108194.0,5 Topping CYO,Thin,14.0,5,0.4,7.4,Louisville,KY
50,2025,32,108194,108194.0,5 Topping CYO,Thin,14.0,3,0.3333333333333333,8.0,Louisville,KY
50,2025,33,108194,108194.0,5 Topping CYO,Thin,14.0,3,0.3333333333333333,8.0,Louisville,KY
50,2025,34,108194,108194.0,5 Topping CYO,Thin,14.0,4,0.5,8.0,Louisville,KY
50,2025,35,108194,108194.0,5 Topping CYO,Thin,14.0,6,1.0,8.0,Louisville,KY
50,2025,36,108194,108194.0,5 Topping CYO,Thin,14.0,7,0.14285714285714285,9.0,Louisville,KY
50,2025,37,108194,108194.0,5 Topping CYO,Thin,14.0,10,0.2,9.0,Louisville,KY
50,2025,38,108194,108194.0,5 Topping CYO,Thin,14.0,7,0.2857142857142857,9.0,Louisville,KY
50,2025,39,108194,108194.0,5 Topping CYO,Thin,14.0,7,0.5714285714285714,9.0,Louisville,KY
50,2025,40,108194,108194.0,5 Topping CYO,Thin,14.0,4,0.5,10.0,Louisville,KY
50,2025,41,108194,108194.0,5 Topping CYO,Thin,14.0,4,0.75,10.0,Louisville,KY
50,2025,42,108194,108194.0,5 Topping CYO,Thin,14.0,4,0.5,10.0,Louisville,KY
50,2025,43,108194,108194.0,5 Topping CYO,Thin,14.0,5,0.4,10.0,Louisville,KY
50,2025,27,108196,108196.0,5 Topping CYO,Original,16.0,3,0.6666666666666666,7.0,Louisville,KY
50,2025,28,108196,108196.0,5 Topping CYO,Original,16.0,1,1.0,7.0,Louisville,KY
50,2025,29,108196,108196.0,5 Topping CYO,Original,16.0,2,0.0,7.0,Louisville,KY
50,2025,30,108196,108196.0,5 Topping CYO,Original,16.0,2,0.5,7.0,Louisville,KY
50,2025,31,108196,108196.0,5 Topping CYO,Original,16.0,2,0.5,8.0,Louisville,KY
50,2025,32,108196,108196.0,5 Topping CYO,Original,16.0,2,0.0,8.0,Louisville,KY
50,2025,33,108196,108196.0,5 Topping CYO,Original,16.0,1,1.0,8.0,Louisville,KY
50,2025,38,108196,108196.0,5 Topping CYO,Original,16.0,1,0.0,9.0,Louisville,KY
50,2025,39,108196,108196.0,5 Topping CYO,Original,16.0,1,1.0,9.0,Louisville,KY
50,2025,40,108196,108196.0,5 Topping CYO,Original,16.0,1,0.0,9.0,Louisville,KY
50,2025,27,108200,108200.0,5 Topping CYO,Original,12.0,5,0.4,7.0,Louisville,KY
50,2025,28,108200,108200.0,5 Topping CYO,Original,12.0,5,0.4,7.0,Louisville,KY
50,2025,29,108200,108200.0,5 Topping CYO,Original,12.0,4,0.25,7.0,Louisville,KY
50,2025,30,108200,108200.0,5 Topping CYO,Original,12.0,5,0.8,7.0,Louisville,KY
50,2025,31,108200,108200.0,5 Topping CYO,Original,12.0,10,0.2222222222222222,7.444444444444445,Louisville,KY
50,2025,32,108200,108200.0,5 Topping CYO,Original,12.0,6,0.0,8.0,Louisville,KY
50,2025,33,108200,108200.0,5 Topping CYO,Original,12.0,7,0.3333333333333333,8.0,Louisville,KY
50,2025,34,108200,108200.0,5 Topping CYO,Original,12.0,7,0.14285714285714285,8.0,Louisville,KY
50,2025,35,108200,108200.0,5 Topping CYO,Original,12.0,4,0.0,8.0,Louisville,KY
50,2025,37,108200,108200.0,5 Topping CYO,Original,12.0,3,0.3333333333333333,9.0,Louisville,KY
50,2025,38,108200,108200.0,5 Topping CYO,Original,12.0,3,0.3333333333333333,9.0,Louisville,KY
50,2025,39,108200,108200.0,5 Topping CYO,Original,12.0,7,0.2857142857142857,9.0,Louisville,KY
50,2025,40,108200,108200.0,5 Topping CYO,Original,12.0,2,0.5,10.0,Louisville,KY
50,2025,41,108200,108200.0,5 Topping CYO,Original,12.0,6,0.6,10.0,Louisville,KY
50,2025,42,108200,108200.0,5 Topping CYO,Original,12.0,6,0.3333333333333333,10.0,Louisville,KY
50,2025,43,108200,108200.0,5 Topping CYO,Original,12.0,3,0.3333333333333333,10.0,Louisville,KY
50,2025,28,108206,108206.0,5 Topping CYO,Gluten Free,10.0,1,0.0,7.0,Louisville,KY
50,2025,29,108206,108206.0,5 Topping CYO,Gluten Free,10.0,3,1.0,7.0,Louisville,KY
50,2025,32,108206,108206.0,5 Topping CYO,Gluten Free,10.0,2,0.5,8.0,Louisville,KY
50,2025,33,108206,108206.0,5 Topping CYO,Gluten Free,10.0,1,0.0,8.0,Louisville,KY
50,2025,34,108206,108206.0,5 Topping CYO,Gluten Free,10.0,2,0.0,8.0,Louisville,KY
50,2025,36,108206,108206.0,5 Topping CYO,Gluten Free,10.0,2,1.0,9.0,Louisville,KY
50,2025,38,108206,108206.0,5 Topping CYO,Gluten Free,10.0,1,0.0,9.0,Louisville,KY
50,2025,39,108206,108206.0,5 Topping CYO,Gluten Free,10.0,4,0.5,9.0,Louisville,KY
50,2025,40,108206,108206.0,5 Topping CYO,Gluten Free,10.0,2,0.5,9.5,Louisville,KY
50,2025,41,108206,108206.0,5 Topping CYO,Gluten Free,10.0,1,0.0,10.0,Louisville,KY
50,2025,43,108206,108206.0,5 Topping CYO,Gluten Free,10.0,1,1.0,10.0,Louisville,KY
50,2025,27,108232,108232.0,Breadsticks,Original,,26,0.4230769230769231,7.0,Louisville,KY
50,2025,28,108232,108232.0,Breadsticks,Original,,36,0.22857142857142856,7.0,Louisville,KY
50,2025,29,108232,108232.0,Breadsticks,Original,,32,0.16129032258064516,7.0,Louisville,KY
50,2025,30,108232,108232.0,Breadsticks,Original,,35,0.2857142857142857,7.0,Louisville,KY
50,2025,31,108232,108232.0,Breadsticks,Original,,53,0.19230769230769232,7.403846153846154,Louisville,KY
50,2025,32,108232,108232.0,Breadsticks,Original,,54,0.25925925925925924,8.0,Louisville,KY
50,2025,33,108232,108232.0,Breadsticks,Original,,48,0.375,8.0,Louisville,KY
50,2025,34,108232,108232.0,Breadsticks,Original,,32,0.28125,8.0,Louisville,KY
50,2025,35,108232,108232.0,Breadsticks,Original,,36,0.3055555555555556,8.0,Louisville,KY
50,2025,36,108232,108232.0,Breadsticks,Original,,46,0.391304347826087,9.0,Louisville,KY
50,2025,37,108232,108232.0,Breadsticks,Original,,46,0.26666666666666666,9.0,Louisville,KY
50,2025,38,108232,108232.0,Breadsticks,Original,,35,0.3142857142857143,9.0,Louisville,KY
50,2025,39,108232,108232.0,Breadsticks,Original,,56,0.36363636363636365,9.0,Louisville,KY
50,2025,40,108232,108232.0,Breadsticks,Original,,44,0.36363636363636365,9.818181818181818,Louisville,KY
50,2025,41,108232,108232.0,Breadsticks,Original,,34,0.4411764705882353,10.0,Louisville,KY
50,2025,42,108232,108232.0,Breadsticks,Original,,44,0.2857142857142857,10.0,Louisville,KY
50,2025,43,108232,108232.0,Breadsticks,Original,,41,0.36585365853658536,10.0,Louisville,KY
50,2025,27,108234,108234.0,Breadsticks,Garlic Parmesan,,42,0.30952380952380953,7.0,Louisville,KY
50,2025,28,108234,108234.0,Breadsticks,Garlic Parmesan,,54,0.4716981132075472,7.0,Louisville,KY
50,2025,29,108234,108234.0,Breadsticks,Garlic Parmesan,,51,0.3137254901960784,7.0,Louisville,KY
50,2025,30,108234,108234.0,Breadsticks,Garlic Parmesan,,51,0.2653061224489796,7.0,Louisville,KY
50,2025,31,108234,108234.0,Breadsticks,Garlic Parmesan,,43,0.3953488372093023,7.558139534883721,Louisville,KY
50,2025,32,108234,108234.0,Breadsticks,Garlic Parmesan,,57,0.21052631578947367,8.0,Louisville,KY
50,2025,33,108234,108234.0,Breadsticks,Garlic Parmesan,,53,0.39622641509433965,8.0,Louisville,KY
50,2025,34,108234,108234.0,Breadsticks,Garlic Parmesan,,64,0.359375,8.0,Louisville,KY
50,2025,35,108234,108234.0,Breadsticks,Garlic Parmesan,,54,0.3888888888888889,8.0,Louisville,KY
50,2025,36,108234,108234.0,Breadsticks,Garlic Parmesan,,44,0.38636363636363635,9.0,Louisville,KY
50,2025,37,108234,108234.0,Breadsticks,Garlic Parmesan,,61,0.2786885245901639,9.0,Louisville,KY
50,2025,38,108234,108234.0,Breadsticks,Garlic Parmesan,,68,0.23880597014925373,9.0,Louisville,KY
50,2025,39,108234,108234.0,Breadsticks,Garlic Parmesan,,71,0.29577464788732394,9.0,Louisville,KY
50,2025,40,108234,108234.0,Breadsticks,Garlic Parmesan,,52,0.36538461538461536,9.807692307692308,Louisville,KY
50,2025,41,108234,108234.0,Breadsticks,Garlic Parmesan,,45,0.29545454545454547,10.0,Louisville,KY
50,2025,42,108234,108234.0,Breadsticks,Garlic Parmesan,,36,0.25,10.0,Louisville,KY
50,2025,43,108234,108234.0,Breadsticks,Garlic Parmesan,,48,0.4375,10.0,Louisville,KY
50,2025,27,108236,108236.0,Knots,Garlic,,38,0.4,7.0,Louisville,KY
50,2025,28,108236,108236.0,Knots,Garlic,,33,0.3333333333333333,7.0,Louisville,KY
50,2025,29,108236,108236.0,Knots,Garlic,,47,0.23404255319148937,7.0,Louisville,KY
50,2025,30,108236,108236.0,Knots,Garlic,,37,0.40540540540540543,7.0,Louisville,KY
50,2025,31,108236,108236.0,Knots,Garlic,,44,0.29545454545454547,7.5227272727272725,Louisville,KY
50,2025,32,108236,108236.0,Knots,Garlic,,47,0.2978723404255319,8.0,Louisville,KY
50,2025,33,108236,108236.0,Knots,Garlic,,33,0.30303030303030304,8.0,Louisville,KY
50,2025,34,108236,108236.0,Knots,Garlic,,31,0.5483870967741935,8.0,Louisville,KY
50,2025,35,108236,108236.0,Knots,Garlic,,44,0.42857142857142855,8.0,Louisville,KY
50,2025,36,108236,108236.0,Knots,Garlic,,33,0.2727272727272727,9.0,Louisville,KY
50,2025,37,108236,108236.0,Knots,Garlic,,42,0.3902439024390244,9.0,Louisville,KY
50,2025,38,108236,108236.0,Knots,Garlic,,50,0.40816326530612246,9.0,Louisville,KY
50,2025,39,108236,108236.0,Knots,Garlic,,54,0.3584905660377358,9.0,Louisville,KY
50,2025,40,108236,108236.0,Knots,Garlic,,58,0.4827586206896552,9.827586206896552,Louisville,KY
50,2025,41,108236,108236.0,Knots,Garlic,,29,0.27586206896551724,10.0,Louisville,KY
50,2025,42,108236,108236.0,Knots,Garlic,,34,0.35294117647058826,10.0,Louisville,KY
50,2025,43,108236,108236.0,Knots,Garlic,,43,0.4418604651162791,10.0,Louisville,KY
50,2025,27,108242,108242.0,Cheesesticks,Original,,135,0.3488372093023256,7.0,Louisville,KY
50,2025,28,108242,108242.0,Cheesesticks,Original,,124,0.3951612903225806,7.0,Louisville,KY
50,2025,29,108242,108242.0,Cheesesticks,Original,,136,0.31343283582089554,7.0,Louisville,KY
50,2025,30,108242,108242.0,Cheesesticks,Original,,120,0.3949579831932773,7.0,Louisville,KY
50,2025,31,108242,108242.0,Cheesesticks,Original,,150,0.3333333333333333,7.52,Louisville,KY
50,2025,32,108242,108242.0,Cheesesticks,Original,,144,0.3541666666666667,8.0,Louisville,KY
50,2025,33,108242,108242.0,Cheesesticks,Original,,145,0.30344827586206896,8.0,Louisville,KY
50,2025,34,108242,108242.0,Cheesesticks,Original,,124,0.29838709677419356,8.0,Louisville,KY
50,2025,35,108242,108242.0,Cheesesticks,Original,,145,0.3931034482758621,8.0,Louisville,KY
50,2025,36,108242,108242.0,Cheesesticks,Original,,107,0.4205607476635514,9.0,Louisville,KY
50,2025,37,108242,108242.0,Cheesesticks,Original,,160,0.3625,9.0,Louisville,KY
50,2025,38,108242,108242.0,Cheesesticks,Original,,155,0.3548387096774194,9.0,Louisville,KY
50,2025,39,108242,108242.0,Cheesesticks,Original,,184,0.37158469945355194,9.0,Louisville,KY
50,2025,40,108242,108242.0,Cheesesticks,Original,,140,0.381294964028777,9.798561151079136,Louisville,KY
50,2025,41,108242,108242.0,Cheesesticks,Original,,108,0.37037037037037035,10.0,Louisville,KY
50,2025,42,108242,108242.0,Cheesesticks,Original,,126,0.3253968253968254,10.0,Louisville,KY
50,2025,43,108242,108242.0,Cheesesticks,Original,,138,0.38686131386861317,10.0,Louisville,KY
50,2025,27,108246,108246.0,Cheesesticks,Bacon,,4,0.5,7.0,Louisville,KY
50,2025,28,108246,108246.0,Cheesesticks,Bacon,,6,0.3333333333333333,7.0,Louisville,KY
50,2025,29,108246,108246.0,Cheesesticks,Bacon,,7,0.5714285714285714,7.0,Louisville,KY
50,2025,30,108246,108246.0,Cheesesticks,Bacon,,7,0.2857142857142857,7.0,Louisville,KY
50,2025,31,108246,108246.0,Cheesesticks,Bacon,,4,0.25,7.25,Louisville,KY
50,2025,32,108246,108246.0,Cheesesticks,Bacon,,1,0.0,8.0,Louisville,KY
50,2025,33,108246,108246.0,Cheesesticks,Bacon,,5,0.0,8.0,Louisville,KY
50,2025,34,108246,108246.0,Cheesesticks,Bacon,,3,0.0,8.0,Louisville,KY
50,2025,35,108246,108246.0,Cheesesticks,Bacon,,4,0.75,8.0,Louisville,KY
50,2025,36,108246,108246.0,Cheesesticks,Bacon,,4,0.25,9.0,Louisville,KY
50,2025,37,108246,108246.0,Cheesesticks,Bacon,,4,0.25,9.0,Louisville,KY
50,2025,38,108246,108246.0,Cheesesticks,Bacon,,6,0.16666666666666666,9.0,Louisville,KY
50,2025,39,108246,108246.0,Cheesesticks,Bacon,,6,0.16666666666666666,9.0,Louisville,KY
50,2025,40,108246,108246.0,Cheesesticks,Bacon,,1,1.0,10.0,Louisville,KY
50,2025,41,108246,108246.0,Cheesesticks,Bacon,,2,0.0,10.0,Louisville,KY
50,2025,42,108246,108246.0,Cheesesticks,Bacon,,8,0.25,10.0,Louisville,KY
50,2025,43,108246,108246.0,Cheesesticks,Bacon,,6,0.3333333333333333,10.0,Louisville,KY
50,2025,27,108262,108262.0,Cheesesticks,Original,,10,0.6666666666666666,7.0,Louisville,KY
50,2025,28,108262,108262.0,Cheesesticks,Original,,22,0.2727272727272727,7.0,Louisville,KY
50,2025,29,108262,108262.0,Cheesesticks,Original,,23,0.21739130434782608,7.0,Louisville,KY
50,2025,30,108262,108262.0,Cheesesticks,Original,,16,0.2,7.0,Louisville,KY
50,2025,31,108262,108262.0,Cheesesticks,Original,,21,0.47619047619047616,7.619047619047619,Louisville,KY
50,2025,32,108262,108262.0,Cheesesticks,Original,,31,0.3225806451612903,8.0,Louisville,KY
50,2025,33,108262,108262.0,Cheesesticks,Original,,19,0.3888888888888889,8.0,Louisville,KY
50,2025,34,108262,108262.0,Cheesesticks,Original,,15,0.26666666666666666,8.0,Louisville,KY
50,2025,35,108262,108262.0,Cheesesticks,Original,,18,0.5,8.0,Louisville,KY
50,2025,36,108262,108262.0,Cheesesticks,Original,,19,0.21052631578947367,9.0,Louisville,KY
50,2025,37,108262,108262.0,Cheesesticks,Original,,26,0.4090909090909091,9.0,Louisville,KY
50,2025,38,108262,108262.0,Cheesesticks,Original,,24,0.375,9.0,Louisville,KY
50,2025,39,108262,108262.0,Cheesesticks,Original,,28,0.4074074074074074,9.0,Louisville,KY
50,2025,40,108262,108262.0,Cheesesticks,Original,,27,0.48148148148148145,9.851851851851851,Louisville,KY
50,2025,41,108262,108262.0,Cheesesticks,Original,,14,0.2857142857142857,10.0,Louisville,KY
50,2025,42,108262,108262.0,Cheesesticks,Original,,25,0.30434782608695654,10.0,Louisville,KY
50,2025,43,108262,108262.0,Cheesesticks,Original,,19,0.5294117647058824,10.0,Louisville,KY
50,2025,27,108266,108266.0,Cheesesticks,Bacon,,1,1.0,7.0,Louisville,KY
50,2025,28,108266,108266.0,Cheesesticks,Bacon,,3,0.6666666666666666,7.0,Louisville,KY
50,2025,29,108266,108266.0,Cheesesticks,Bacon,,1,1.0,7.0,Louisville,KY
50,2025,30,108266,108266.0,Cheesesticks,Bacon,,1,0.0,7.0,Louisville,KY
50,2025,32,108266,108266.0,Cheesesticks,Bacon,,3,0.0,8.0,Louisville,KY
50,2025,36,108266,108266.0,Cheesesticks,Bacon,,1,0.0,9.0,Louisville,KY
50,2025,37,108266,108266.0,Cheesesticks,Bacon,,1,1.0,9.0,Louisville,KY
50,2025,38,108266,108266.0,Cheesesticks,Bacon,,1,0.0,9.0,Louisville,KY
50,2025,39,108266,108266.0,Cheesesticks,Bacon,,2,0.0,9.0,Louisville,KY
50,2025,40,108266,108266.0,Cheesesticks,Bacon,,2,0.5,10.0,Louisville,KY
50,2025,42,108266,108266.0,Cheesesticks,Bacon,,1,0.0,10.0,Louisville,KY
50,2025,43,108266,108266.0,Cheesesticks,Bacon,,2,0.5,10.0,Louisville,KY
50,2025,27,108282,108282.0,Cheesesticks,Six Cheese,,6,0.16666666666666666,7.0,Louisville,KY
50,2025,28,108282,108282.0,Cheesesticks,Six Cheese,,4,0.25,7.0,Louisville,KY
50,2025,29,108282,108282.0,Cheesesticks,Six Cheese,,18,0.05555555555555555,7.0,Louisville,KY
50,2025,30,108282,108282.0,Cheesesticks,Six Cheese,,6,0.5,7.0,Louisville,KY
50,2025,31,108282,108282.0,Cheesesticks,Six Cheese,,9,0.3333333333333333,7.555555555555555,Louisville,KY
50,2025,32,108282,108282.0,Cheesesticks,Six Cheese,,9,0.2222222222222222,8.0,Louisville,KY
50,2025,33,108282,108282.0,Cheesesticks,Six Cheese,,8,0.25,8.0,Louisville,KY
50,2025,34,108282,108282.0,Cheesesticks,Six Cheese,,11,0.36363636363636365,8.0,Louisville,KY
50,2025,35,108282,108282.0,Cheesesticks,Six Cheese,,11,0.45454545454545453,8.0,Louisville,KY
50,2025,36,108282,108282.0,Cheesesticks,Six Cheese,,5,0.0,9.0,Louisville,KY
50,2025,37,108282,108282.0,Cheesesticks,Six Cheese,,9,0.4444444444444444,9.0,Louisville,KY
50,2025,38,108282,108282.0,Cheesesticks,Six Cheese,,9,0.3333333333333333,9.0,Louisville,KY
50,2025,39,108282,108282.0,Cheesesticks,Six Cheese,,9,0.4444444444444444,9.0,Louisville,KY
50,2025,40,108282,108282.0,Cheesesticks,Six Cheese,,11,0.18181818181818182,9.909090909090908,Louisville,KY
50,2025,41,108282,108282.0,Cheesesticks,Six Cheese,,12,0.3333333333333333,10.0,Louisville,KY
50,2025,42,108282,108282.0,Cheesesticks,Six Cheese,,7,0.2857142857142857,10.0,Louisville,KY
50,2025,43,108282,108282.0,Cheesesticks,Six Cheese,,14,0.42857142857142855,10.0,Louisville,KY
50,2025,27,108286,108286.0,Cheesesticks,Six Cheese,,3,0.6666666666666666,7.0,Louisville,KY
50,2025,29,108286,108286.0,Cheesesticks,Six Cheese,,1,0.0,7.0,Louisville,KY
50,2025,30,108286,108286.0,Cheesesticks,Six Cheese,,2,1.0,7.0,Louisville,KY
50,2025,31,108286,108286.0,Cheesesticks,Six Cheese,,3,0.6666666666666666,8.0,Louisville,KY
50,2025,32,108286,108286.0,Cheesesticks,Six Cheese,,4,0.25,8.0,Louisville,KY
50,2025,33,108286,108286.0,Cheesesticks,Six Cheese,,3,0.3333333333333333,8.0,Louisville,KY
50,2025,34,108286,108286.0,Cheesesticks,Six Cheese,,3,0.3333333333333333,8.0,Louisville,KY
50,2025,36,108286,108286.0,Cheesesticks,Six Cheese,,8,0.5,9.0,Louisville,KY
50,2025,37,108286,108286.0,Cheesesticks,Six Cheese,,2,0.5,9.0,Louisville,KY
50,2025,38,108286,108286.0,Cheesesticks,Six Cheese,,2,1.0,9.0,Louisville,KY
50,2025,39,108286,108286.0,Cheesesticks,Six Cheese,,1,1.0,9.0,Louisville,KY
50,2025,40,108286,108286.0,Cheesesticks,Six Cheese,,1,1.0,10.0,Louisville,KY
50,2025,41,108286,108286.0,Cheesesticks,Six Cheese,,2,0.5,10.0,Louisville,KY
50,2025,42,108286,108286.0,Cheesesticks,Six Cheese,,4,0.75,10.0,Louisville,KY
50,2025,43,108286,108286.0,Cheesesticks,Six Cheese,,3,0.3333333333333333,10.0,Louisville,KY
50,2025,27,108338,108338.0,Traditional Wings,BBQ,,5,0.6,7.0,Louisville,KY
50,2025,28,108338,108338.0,Traditional Wings,BBQ,,10,0.4444444444444444,7.0,Louisville,KY
50,2025,29,108338,108338.0,Traditional Wings,BBQ,,9,0.2222222222222222,7.0,Louisville,KY
50,2025,30,108338,108338.0,Traditional Wings,BBQ,,8,0.25,7.0,Louisville,KY
50,2025,31,108338,108338.0,Traditional Wings,BBQ,,7,0.2857142857142857,7.857142857142857,Louisville,KY
50,2025,32,108338,108338.0,Traditional Wings,BBQ,,5,0.0,8.0,Louisville,KY
50,2025,33,108338,108338.0,Traditional Wings,BBQ,,5,0.4,8.0,Louisville,KY
50,2025,34,108338,108338.0,Traditional Wings,BBQ,,5,0.2,8.0,Louisville,KY
50,2025,35,108338,108338.0,Traditional Wings,BBQ,,3,0.0,8.0,Louisville,KY
50,2025,36,108338,108338.0,Traditional Wings,BBQ,,7,0.14285714285714285,9.0,Louisville,KY
50,2025,37,108338,108338.0,Traditional Wings,BBQ,,7,0.5714285714285714,9.0,Louisville,KY
50,2025,38,108338,108338.0,Traditional Wings,BBQ,,6,1.0,9.0,Louisville,KY
50,2025,39,108338,108338.0,Traditional Wings,BBQ,,8,0.5714285714285714,9.0,Louisville,KY
50,2025,40,108338,108338.0,Traditional Wings,BBQ,,8,0.375,10.0,Louisville,KY
50,2025,41,108338,108338.0,Traditional Wings,BBQ,,10,0.1,10.0,Louisville,KY
50,2025,42,108338,108338.0,Traditional Wings,BBQ,,4,0.75,10.0,Louisville,KY
50,2025,43,108338,108338.0,Traditional Wings,BBQ,,10,0.4,10.0,Louisville,KY
50,2025,27,108340,108340.0,Traditional Wings,Buffalo,,18,0.2777777777777778,7.0,Louisville,KY
50,2025,28,108340,108340.0,Traditional Wings,Buffalo,,10,0.4444444444444444,7.0,Louisville,KY
50,2025,29,108340,108340.0,Traditional Wings,Buffalo,,17,0.35294117647058826,7.0,Louisville,KY
50,2025,30,108340,108340.0,Traditional Wings,Buffalo,,9,0.2222222222222222,7.0,Louisville,KY
50,2025,31,108340,108340.0,Traditional Wings,Buffalo,,24,0.30434782608695654,7.521739130434782,Louisville,KY
50,2025,32,108340,108340.0,Traditional Wings,Buffalo,,11,0.2727272727272727,8.0,Louisville,KY
50,2025,33,108340,108340.0,Traditional Wings,Buffalo,,18,0.16666666666666666,8.0,Louisville,KY
50,2025,34,108340,108340.0,Traditional Wings,Buffalo,,7,0.16666666666666666,8.0,Louisville,KY
50,2025,35,108340,108340.0,Traditional Wings,Buffalo,,17,0.35294117647058826,8.0,Louisville,KY
50,2025,36,108340,108340.0,Traditional Wings,Buffalo,,29,0.3448275862068966,9.0,Louisville,KY
50,2025,37,108340,108340.0,Traditional Wings,Buffalo,,29,0.41379310344827586,9.0,Louisville,KY
50,2025,38,108340,108340.0,Traditional Wings,Buffalo,,26,0.34615384615384615,9.0,Louisville,KY
50,2025,39,108340,108340.0,Traditional Wings,Buffalo,,20,0.45,9.0,Louisville,KY
50,2025,40,108340,108340.0,Traditional Wings,Buffalo,,29,0.23529411764705882,9.764705882352942,Louisville,KY
50,2025,41,108340,108340.0,Traditional Wings,Buffalo,,11,0.09090909090909091,10.0,Louisville,KY
50,2025,42,108340,108340.0,Traditional Wings,Buffalo,,23,0.08695652173913043,10.0,Louisville,KY
50,2025,43,108340,108340.0,Traditional Wings,Buffalo,,14,0.42857142857142855,10.0,Louisville,KY
50,2025,27,108350,108350.0,Traditional Wings,BBQ,,6,0.5,7.0,Louisville,KY
50,2025,28,108350,108350.0,Traditional Wings,BBQ,,3,0.3333333333333333,7.0,Louisville,KY
50,2025,29,108350,108350.0,Traditional Wings,BBQ,,2,0.5,7.0,Louisville,KY
50,2025,30,108350,108350.0,Traditional Wings,BBQ,,2,0.0,7.0,Louisville,KY
50,2025,31,108350,108350.0,Traditional Wings,BBQ,,5,0.4,7.6,Louisville,KY
50,2025,32,108350,108350.0,Traditional Wings,BBQ,,5,0.6,8.0,Louisville,KY
50,2025,33,108350,108350.0,Traditional Wings,BBQ,,5,0.6,8.0,Louisville,KY
50,2025,34,108350,108350.0,Traditional Wings,BBQ,,2,0.0,8.0,Louisville,KY
50,2025,35,108350,108350.0,Traditional Wings,BBQ,,6,0.3333333333333333,8.0,Louisville,KY
50,2025,36,108350,108350.0,Traditional Wings,BBQ,,6,0.3333333333333333,9.0,Louisville,KY
50,2025,37,108350,108350.0,Traditional Wings,BBQ,,7,0.5,9.0,Louisville,KY
50,2025,38,108350,108350.0,Traditional Wings,BBQ,,4,0.0,9.0,Louisville,KY
50,2025,39,108350,108350.0,Traditional Wings,BBQ,,1,0.0,9.0,Louisville,KY
50,2025,40,108350,108350.0,Traditional Wings,BBQ,,2,0.0,10.0,Louisville,KY
50,2025,41,108350,108350.0,Traditional Wings,BBQ,,4,0.5,10.0,Louisville,KY
50,2025,42,108350,108350.0,Traditional Wings,BBQ,,4,0.25,10.0,Louisville,KY
50,2025,43,108350,108350.0,Traditional Wings,BBQ,,3,0.6666666666666666,10.0,Louisville,KY
50,2025,27,108352,108352.0,Traditional Wings,Buffalo,,13,0.5384615384615384,7.0,Louisville,KY
50,2025,28,108352,108352.0,Traditional Wings,Buffalo,,21,0.2857142857142857,7.0,Louisville,KY
50,2025,29,108352,108352.0,Traditional Wings,Buffalo,,13,0.5384615384615384,7.0,Louisville,KY
50,2025,30,108352,108352.0,Traditional Wings,Buffalo,,10,0.6,7.0,Louisville,KY
50,2025,31,108352,108352.0,Traditional Wings,Buffalo,,12,0.25,7.5,Louisville,KY
50,2025,32,108352,108352.0,Traditional Wings,Buffalo,,13,0.46153846153846156,8.0,Louisville,KY
50,2025,33,108352,108352.0,Traditional Wings,Buffalo,,20,0.35,8.0,Louisville,KY
50,2025,34,108352,108352.0,Traditional Wings,Buffalo,,9,0.3333333333333333,8.0,Louisville,KY
50,2025,35,108352,108352.0,Traditional Wings,Buffalo,,18,0.058823529411764705,8.0,Louisville,KY
50,2025,36,108352,108352.0,Traditional Wings,Buffalo,,14,0.2857142857142857,9.0,Louisville,KY
50,2025,37,108352,108352.0,Traditional Wings,Buffalo,,25,0.4,9.0,Louisville,KY
50,2025,38,108352,108352.0,Traditional Wings,Buffalo,,15,0.3333333333333333,9.0,Louisville,KY
50,2025,39,108352,108352.0,Traditional Wings,Buffalo,,22,0.36363636363636365,9.0,Louisville,KY
50,2025,40,108352,108352.0,Traditional Wings,Buffalo,,11,0.0,9.545454545454545,Louisville,KY
50,2025,41,108352,108352.0,Traditional Wings,Buffalo,,13,0.38461538461538464,10.0,Louisville,KY
50,2025,42,108352,108352.0,Traditional Wings,Buffalo,,14,0.42857142857142855,10.0,Louisville,KY
50,2025,43,108352,108352.0,Traditional Wings,Buffalo,,9,0.4444444444444444,10.0,Louisville,KY
50,2025,28,108354,108354.0,Traditional Wings,BBQ,,1,0.0,7.0,Louisville,KY
50,2025,29,108354,108354.0,Traditional Wings,BBQ,,4,0.25,7.0,Louisville,KY
50,2025,30,108354,108354.0,Traditional Wings,BBQ,,1,1.0,7.0,Louisville,KY
50,2025,34,108354,108354.0,Traditional Wings,BBQ,,1,1.0,8.0,Louisville,KY
50,2025,36,108354,108354.0,Traditional Wings,BBQ,,1,0.0,9.0,Louisville,KY
50,2025,38,108354,108354.0,Traditional Wings,BBQ,,1,1.0,9.0,Louisville,KY
50,2025,39,108354,108354.0,Traditional Wings,BBQ,,2,1.0,9.0,Louisville,KY
50,2025,40,108354,108354.0,Traditional Wings,BBQ,,2,0.0,10.0,Louisville,KY
50,2025,27,108356,108356.0,Traditional Wings,Buffalo,,2,0.5,7.0,Louisville,KY
50,2025,28,108356,108356.0,Traditional Wings,Buffalo,,1,1.0,7.0,Louisville,KY
50,2025,29,108356,108356.0,Traditional Wings,Buffalo,,5,0.2,7.0,Louisville,KY
50,2025,32,108356,108356.0,Traditional Wings,Buffalo,,2,0.0,8.0,Louisville,KY
50,2025,33,108356,108356.0,Traditional Wings,Buffalo,,2,1.0,8.0,Louisville,KY
50,2025,34,108356,108356.0,Traditional Wings,Buffalo,,3,0.0,8.0,Louisville,KY
50,2025,36,108356,108356.0,Traditional Wings,Buffalo,,1,0.0,9.0,Louisville,KY
50,2025,37,108356,108356.0,Traditional Wings,Buffalo,,1,0.0,9.0,Louisville,KY
50,2025,38,108356,108356.0,Traditional Wings,Buffalo,,1,0.0,9.0,Louisville,KY
50,2025,39,108356,108356.0,Traditional Wings,Buffalo,,1,1.0,9.0,Louisville,KY
50,2025,40,108356,108356.0,Traditional Wings,Buffalo,,2,0.0,10.0,Louisville,KY
50,2025,42,108356,108356.0,Traditional Wings,Buffalo,,3,1.0,10.0,Louisville,KY
50,2025,27,108368,108368.0,Traditional Wings,Honey Chipotle,,7,0.5714285714285714,7.0,Louisville,KY
50,2025,28,108368,108368.0,Traditional Wings,Honey Chipotle,,5,0.0,7.0,Louisville,KY
50,2025,29,108368,108368.0,Traditional Wings,Honey Chipotle,,5,0.2,7.0,Louisville,KY
50,2025,30,108368,108368.0,Traditional Wings,Honey Chipotle,,7,0.8571428571428571,7.0,Louisville,KY
50,2025,31,108368,108368.0,Traditional Wings,Honey Chipotle,,7,0.42857142857142855,7.428571428571429,Louisville,KY
50,2025,32,108368,108368.0,Traditional Wings,Honey Chipotle,,10,0.2,8.0,Louisville,KY
50,2025,33,108368,108368.0,Traditional Wings,Honey Chipotle,,11,0.0,8.0,Louisville,KY
50,2025,34,108368,108368.0,Traditional Wings,Honey Chipotle,,7,0.2857142857142857,8.0,Louisville,KY
50,2025,35,108368,108368.0,Traditional Wings,Honey Chipotle,,11,0.45454545454545453,8.0,Louisville,KY
50,2025,36,108368,108368.0,Traditional Wings,Honey Chipotle,,6,0.16666666666666666,9.0,Louisville,KY
50,2025,37,108368,108368.0,Traditional Wings,Honey Chipotle,,4,0.25,9.0,Louisville,KY
50,2025,38,108368,108368.0,Traditional Wings,Honey Chipotle,,6,0.5,9.0,Louisville,KY
50,2025,39,108368,108368.0,Traditional Wings,Honey Chipotle,,5,0.2,9.0,Louisville,KY
50,2025,40,108368,108368.0,Traditional Wings,Honey Chipotle,,6,0.16666666666666666,9.833333333333334,Louisville,KY
50,2025,41,108368,108368.0,Traditional Wings,Honey Chipotle,,10,0.4,10.0,Louisville,KY
50,2025,42,108368,108368.0,Traditional Wings,Honey Chipotle,,6,0.3333333333333333,10.0,Louisville,KY
50,2025,43,108368,108368.0,Traditional Wings,Honey Chipotle,,5,0.4,10.0,Louisville,KY
50,2025,27,108370,108370.0,Traditional Wings,Honey Chipotle,,2,1.0,7.0,Louisville,KY
50,2025,28,108370,108370.0,Traditional Wings,Honey Chipotle,,4,0.5,7.0,Louisville,KY
50,2025,29,108370,108370.0,Traditional Wings,Honey Chipotle,,2,0.5,7.0,Louisville,KY
50,2025,30,108370,108370.0,Traditional Wings,Honey Chipotle,,8,0.0,7.0,Louisville,KY
50,2025,31,108370,108370.0,Traditional Wings,Honey Chipotle,,3,0.3333333333333333,7.333333333333333,Louisville,KY
50,2025,32,108370,108370.0,Traditional Wings,Honey Chipotle,,8,0.125,8.0,Louisville,KY
50,2025,33,108370,108370.0,Traditional Wings,Honey Chipotle,,3,0.3333333333333333,8.0,Louisville,KY
50,2025,34,108370,108370.0,Traditional Wings,Honey Chipotle,,6,0.5,8.0,Louisville,KY
50,2025,35,108370,108370.0,Traditional Wings,Honey Chipotle,,9,0.4444444444444444,8.0,Louisville,KY
50,2025,36,108370,108370.0,Traditional Wings,Honey Chipotle,,2,1.0,9.0,Louisville,KY
50,2025,37,108370,108370.0,Traditional Wings,Honey Chipotle,,4,0.25,9.0,Louisville,KY
50,2025,38,108370,108370.0,Traditional Wings,Honey Chipotle,,6,0.5,9.0,Louisville,KY
50,2025,39,108370,108370.0,Traditional Wings,Honey Chipotle,,3,0.6666666666666666,9.0,Louisville,KY
50,2025,40,108370,108370.0,Traditional Wings,Honey Chipotle,,1,0.0,9.0,Louisville,KY
50,2025,41,108370,108370.0,Traditional Wings,Honey Chipotle,,2,0.5,10.0,Louisville,KY
50,2025,42,108370,108370.0,Traditional Wings,Honey Chipotle,,4,0.5,10.0,Louisville,KY
50,2025,43,108370,108370.0,Traditional Wings,Honey Chipotle,,2,0.5,10.0,Louisville,KY
50,2025,27,108374,108374.0,Traditional Wings,Honey Chipotle,,1,0.0,7.0,Louisville,KY
50,2025,34,108374,108374.0,Traditional Wings,Honey Chipotle,,2,0.0,8.0,Louisville,KY
50,2025,27,108384,108384.0,Traditional Wings,Unsauced,,5,0.4,7.0,Louisville,KY
50,2025,28,108384,108384.0,Traditional Wings,Unsauced,,12,0.18181818181818182,7.0,Louisville,KY
50,2025,29,108384,108384.0,Traditional Wings,Unsauced,,10,0.3,7.0,Louisville,KY
50,2025,30,108384,108384.0,Traditional Wings,Unsauced,,3,1.0,7.0,Louisville,KY
50,2025,31,108384,108384.0,Traditional Wings,Unsauced,,4,0.25,7.75,Louisville,KY
50,2025,32,108384,108384.0,Traditional Wings,Unsauced,,8,0.375,8.0,Louisville,KY
50,2025,33,108384,108384.0,Traditional Wings,Unsauced,,9,0.6666666666666666,8.0,Louisville,KY
50,2025,34,108384,108384.0,Traditional Wings,Unsauced,,7,0.42857142857142855,8.0,Louisville,KY
50,2025,35,108384,108384.0,Traditional Wings,Unsauced,,3,0.3333333333333333,8.0,Louisville,KY
50,2025,36,108384,108384.0,Traditional Wings,Unsauced,,3,0.6666666666666666,9.0,Louisville,KY
50,2025,37,108384,108384.0,Traditional Wings,Unsauced,,12,0.36363636363636365,9.0,Louisville,KY
50,2025,38,108384,108384.0,Traditional Wings,Unsauced,,8,0.625,9.0,Louisville,KY
50,2025,39,108384,108384.0,Traditional Wings,Unsauced,,5,0.4,9.0,Louisville,KY
50,2025,40,108384,108384.0,Traditional Wings,Unsauced,,8,0.25,9.875,Louisville,KY
50,2025,41,108384,108384.0,Traditional Wings,Unsauced,,2,0.0,10.0,Louisville,KY
50,2025,42,108384,108384.0,Traditional Wings,Unsauced,,3,0.0,10.0,Louisville,KY
50,2025,43,108384,108384.0,Traditional Wings,Unsauced,,5,0.6,10.0,Louisville,KY
50,2025,34,108390,108390.0,Traditional Wings,Unsauced,,1,0.0,8.0,Louisville,KY
50,2025,35,108390,108390.0,Traditional Wings,Unsauced,,1,1.0,8.0,Louisville,KY
50,2025,37,108390,108390.0,Traditional Wings,Unsauced,,1,0.0,9.0,Louisville,KY
50,2025,38,108390,108390.0,Traditional Wings,Unsauced,,1,0.0,9.0,Louisville,KY
50,2025,39,108390,108390.0,Traditional Wings,Unsauced,,2,0.5,9.0,Louisville,KY
50,2025,41,108390,108390.0,Traditional Wings,Unsauced,,1,0.0,10.0,Louisville,KY
50,2025,27,108394,108394.0,Traditional Wings,Unsauced,,4,0.5,7.0,Louisville,KY
50,2025,28,108394,108394.0,Traditional Wings,Unsauced,,5,0.4,7.0,Louisville,KY
50,2025,29,108394,108394.0,Traditional Wings,Unsauced,,6,0.5,7.0,Louisville,KY
50,2025,30,108394,108394.0,Traditional Wings,Unsauced,,4,0.6666666666666666,7.0,Louisville,KY
50,2025,31,108394,108394.0,Traditional Wings,Unsauced,,2,0.5,8.0,Louisville,KY
50,2025,32,108394,108394.0,Traditional Wings,Unsauced,,10,0.5,8.0,Louisville,KY
50,2025,33,108394,108394.0,Traditional Wings,Unsauced,,4,0.25,8.0,Louisville,KY
50,2025,34,108394,108394.0,Traditional Wings,Unsauced,,4,0.75,8.0,Louisville,KY
50,2025,35,108394,108394.0,Traditional Wings,Unsauced,,1,1.0,8.0,Louisville,KY
50,2025,36,108394,108394.0,Traditional Wings,Unsauced,,2,0.0,9.0,Louisville,KY
50,2025,37,108394,108394.0,Traditional Wings,Unsauced,,4,0.25,9.0,Louisville,KY
50,2025,38,108394,108394.0,Traditional Wings,Unsauced,,4,0.0,9.0,Louisville,KY
50,2025,39,108394,108394.0,Traditional Wings,Unsauced,,5,0.0,9.0,Louisville,KY
50,2025,40,108394,108394.0,Traditional Wings,Unsauced,,4,0.25,9.5,Louisville,KY
50,2025,41,108394,108394.0,Traditional Wings,Unsauced,,3,0.0,10.0,Louisville,KY
50,2025,42,108394,108394.0,Traditional Wings,Unsauced,,5,0.4,10.0,Louisville,KY
50,2025,43,108394,108394.0,Traditional Wings,Unsauced,,5,0.4,10.0,Louisville,KY
50,2025,27,108422,108422.0,Traditional Wings,BBQ,,2,1.0,7.0,Louisville,KY
50,2025,30,108422,108422.0,Traditional Wings,BBQ,,4,0.25,7.0,Louisville,KY
50,2025,31,108422,108422.0,Traditional Wings,BBQ,,1,0.0,8.0,Louisville,KY
50,2025,32,108422,108422.0,Traditional Wings,BBQ,,1,0.0,8.0,Louisville,KY
50,2025,34,108422,108422.0,Traditional Wings,BBQ,,1,0.0,8.0,Louisville,KY
50,2025,35,108422,108422.0,Traditional Wings,BBQ,,1,0.0,8.0,Louisville,KY
50,2025,36,108422,108422.0,Traditional Wings,BBQ,,1,0.0,9.0,Louisville,KY
50,2025,38,108422,108422.0,Traditional Wings,BBQ,,3,0.0,9.0,Louisville,KY
50,2025,40,108422,108422.0,Traditional Wings,BBQ,,1,1.0,10.0,Louisville,KY
50,2025,42,108422,108422.0,Traditional Wings,BBQ,,1,1.0,10.0,Louisville,KY
50,2025,43,108422,108422.0,Traditional Wings,BBQ,,2,0.5,10.0,Louisville,KY
50,2025,27,108424,108424.0,Traditional Wings,Buffalo,,1,0.0,7.0,Louisville,KY
50,2025,28,108424,108424.0,Traditional Wings,Buffalo,,3,0.5,7.0,Louisville,KY
50,2025,29,108424,108424.0,Traditional Wings,Buffalo,,3,0.3333333333333333,7.0,Louisville,KY
50,2025,30,108424,108424.0,Traditional Wings,Buffalo,,2,0.5,7.0,Louisville,KY
50,2025,31,108424,108424.0,Traditional Wings,Buffalo,,3,0.0,7.0,Louisville,KY
50,2025,32,108424,108424.0,Traditional Wings,Buffalo,,2,0.0,8.0,Louisville,KY
50,2025,33,108424,108424.0,Traditional Wings,Buffalo,,5,0.6,8.0,Louisville,KY
50,2025,34,108424,108424.0,Traditional Wings,Buffalo,,3,0.3333333333333333,8.0,Louisville,KY
50,2025,35,108424,108424.0,Traditional Wings,Buffalo,,3,0.3333333333333333,8.0,Louisville,KY
50,2025,36,108424,108424.0,Traditional Wings,Buffalo,,4,0.25,9.0,Louisville,KY
50,2025,37,108424,108424.0,Traditional Wings,Buffalo,,4,0.25,9.0,Louisville,KY
50,2025,38,108424,108424.0,Traditional Wings,Buffalo,,3,0.3333333333333333,9.0,Louisville,KY
50,2025,39,108424,108424.0,Traditional Wings,Buffalo,,6,0.16666666666666666,9.0,Louisville,KY
50,2025,40,108424,108424.0,Traditional Wings,Buffalo,,3,0.3333333333333333,10.0,Louisville,KY
50,2025,41,108424,108424.0,Traditional Wings,Buffalo,,1,1.0,10.0,Louisville,KY
50,2025,42,108424,108424.0,Traditional Wings,Buffalo,,3,0.6666666666666666,10.0,Louisville,KY
50,2025,43,108424,108424.0,Traditional Wings,Buffalo,,3,0.6666666666666666,10.0,Louisville,KY
50,2025,28,108426,108426.0,Traditional Wings,Honey Chipotle,,3,0.3333333333333333,7.0,Louisville,KY
50,2025,29,108426,108426.0,Traditional Wings,Honey Chipotle,,2,0.5,7.0,Louisville,KY
50,2025,32,108426,108426.0,Traditional Wings,Honey Chipotle,,1,0.0,8.0,Louisville,KY
50,2025,36,108426,108426.0,Traditional Wings,Honey Chipotle,,1,1.0,9.0,Louisville,KY
50,2025,37,108426,108426.0,Traditional Wings,Honey Chipotle,,3,0.3333333333333333,9.0,Louisville,KY
50,2025,39,108426,108426.0,Traditional Wings,Honey Chipotle,,2,0.5,9.0,Louisville,KY
50,2025,42,108426,108426.0,Traditional Wings,Honey Chipotle,,2,0.5,10.0,Louisville,KY
50,2025,28,108428,108428.0,Traditional Wings,Unsauced,,2,0.5,7.0,Louisville,KY
50,2025,30,108428,108428.0,Traditional Wings,Unsauced,,3,0.3333333333333333,7.0,Louisville,KY
50,2025,33,108428,108428.0,Traditional Wings,Unsauced,,2,1.0,8.0,Louisville,KY
50,2025,36,108428,108428.0,Traditional Wings,Unsauced,,3,0.6666666666666666,9.0,Louisville,KY
50,2025,37,108428,108428.0,Traditional Wings,Unsauced,,1,0.0,9.0,Louisville,KY
50,2025,38,108428,108428.0,Traditional Wings,Unsauced,,3,0.6666666666666666,9.0,Louisville,KY
50,2025,39,108428,108428.0,Traditional Wings,Unsauced,,1,1.0,9.0,Louisville,KY
50,2025,41,108428,108428.0,Traditional Wings,Unsauced,,4,0.25,10.0,Louisville,KY
50,2025,42,108428,108428.0,Traditional Wings,Unsauced,,1,0.0,10.0,Louisville,KY
50,2025,27,108450,108450.0,Traditional Wings,Garlic Parmesan,,9,0.5555555555555556,7.0,Louisville,KY
50,2025,28,108450,108450.0,Traditional Wings,Garlic Parmesan,,8,0.2857142857142857,7.0,Louisville,KY
50,2025,29,108450,108450.0,Traditional Wings,Garlic Parmesan,,6,0.3333333333333333,7.0,Louisville,KY
50,2025,30,108450,108450.0,Traditional Wings,Garlic Parmesan,,9,0.2222222222222222,7.0,Louisville,KY
50,2025,31,108450,108450.0,Traditional Wings,Garlic Parmesan,,6,0.3333333333333333,7.333333333333333,Louisville,KY
50,2025,32,108450,108450.0,Traditional Wings,Garlic Parmesan,,6,0.5,8.0,Louisville,KY
50,2025,33,108450,108450.0,Traditional Wings,Garlic Parmesan,,7,0.42857142857142855,8.0,Louisville,KY
50,2025,34,108450,108450.0,Traditional Wings,Garlic Parmesan,,6,0.16666666666666666,8.0,Louisville,KY
50,2025,35,108450,108450.0,Traditional Wings,Garlic Parmesan,,6,0.3333333333333333,8.0,Louisville,KY
50,2025,36,108450,108450.0,Traditional Wings,Garlic Parmesan,,2,0.0,9.0,Louisville,KY
50,2025,37,108450,108450.0,Traditional Wings,Garlic Parmesan,,7,0.2857142857142857,9.0,Louisville,KY
50,2025,38,108450,108450.0,Traditional Wings,Garlic Parmesan,,7,0.5714285714285714,9.0,Louisville,KY
50,2025,39,108450,108450.0,Traditional Wings,Garlic Parmesan,,13,0.3076923076923077,9.0,Louisville,KY
50,2025,40,108450,108450.0,Traditional Wings,Garlic Parmesan,,8,0.125,9.875,Louisville,KY
50,2025,41,108450,108450.0,Traditional Wings,Garlic Parmesan,,4,0.25,10.0,Louisville,KY
50,2025,42,108450,108450.0,Traditional Wings,Garlic Parmesan,,7,0.42857142857142855,10.0,Louisville,KY
50,2025,43,108450,108450.0,Traditional Wings,Garlic Parmesan,,13,0.3076923076923077,10.0,Louisville,KY
50,2025,27,108454,108454.0,Traditional Wings,Garlic Parmesan,,3,0.6666666666666666,7.0,Louisville,KY
50,2025,28,108454,108454.0,Traditional Wings,Garlic Parmesan,,2,0.0,7.0,Louisville,KY
50,2025,29,108454,108454.0,Traditional Wings,Garlic Parmesan,,1,0.0,7.0,Louisville,KY
50,2025,30,108454,108454.0,Traditional Wings,Garlic Parmesan,,3,0.3333333333333333,7.0,Louisville,KY
50,2025,31,108454,108454.0,Traditional Wings,Garlic Parmesan,,3,0.6666666666666666,7.666666666666667,Louisville,KY
50,2025,32,108454,108454.0,Traditional Wings,Garlic Parmesan,,3,0.3333333333333333,8.0,Louisville,KY
50,2025,33,108454,108454.0,Traditional Wings,Garlic Parmesan,,6,0.16666666666666666,8.0,Louisville,KY
50,2025,34,108454,108454.0,Traditional Wings,Garlic Parmesan,,1,0.0,8.0,Louisville,KY
50,2025,35,108454,108454.0,Traditional Wings,Garlic Parmesan,,4,0.75,8.0,Louisville,KY
50,2025,36,108454,108454.0,Traditional Wings,Garlic Parmesan,,2,0.0,9.0,Louisville,KY
50,2025,37,108454,108454.0,Traditional Wings,Garlic Parmesan,,2,0.5,9.0,Louisville,KY
50,2025,38,108454,108454.0,Traditional Wings,Garlic Parmesan,,5,0.2,9.0,Louisville,KY
50,2025,39,108454,108454.0,Traditional Wings,Garlic Parmesan,,2,0.5,9.0,Louisville,KY
50,2025,40,108454,108454.0,Traditional Wings,Garlic Parmesan,,4,0.25,9.5,Louisville,KY
50,2025,41,108454,108454.0,Traditional Wings,Garlic Parmesan,,2,0.0,10.0,Louisville,KY
50,2025,42,108454,108454.0,Traditional Wings,Garlic Parmesan,,4,0.5,10.0,Louisville,KY
50,2025,43,108454,108454.0,Traditional Wings,Garlic Parmesan,,1,0.0,10.0,Louisville,KY
50,2025,27,108460,108460.0,Traditional Wings,Garlic Parmesan,,1,0.0,7.0,Louisville,KY
50,2025,28,108460,108460.0,Traditional Wings,Garlic Parmesan,,1,1.0,7.0,Louisville,KY
50,2025,30,108460,108460.0,Traditional Wings,Garlic Parmesan,,1,0.0,7.0,Louisville,KY
50,2025,32,108460,108460.0,Traditional Wings,Garlic Parmesan,,2,0.5,8.0,Louisville,KY
50,2025,33,108460,108460.0,Traditional Wings,Garlic Parmesan,,3,0.3333333333333333,8.0,Louisville,KY
50,2025,36,108460,108460.0,Traditional Wings,Garlic Parmesan,,1,1.0,9.0,Louisville,KY
50,2025,40,108460,108460.0,Traditional Wings,Garlic Parmesan,,3,0.0,10.0,Louisville,KY
50,2025,33,108464,108464.0,Traditional Wings,Garlic Parmesan,,1,1.0,8.0,Louisville,KY
50,2025,37,108464,108464.0,Traditional Wings,Garlic Parmesan,,1,1.0,9.0,Louisville,KY
50,2025,27,108560,108560.0,Dipping Sauce,Dipping Sauce,,169,0.45555555555555555,7.0,Louisville,KY
50,2025,28,108560,108560.0,Dipping Sauce,Dipping Sauce,,188,0.36936936936936937,7.0,Louisville,KY
50,2025,29,108560,108560.0,Dipping Sauce,Dipping Sauce,,222,0.2727272727272727,7.0,Louisville,KY
50,2025,30,108560,108560.0,Dipping Sauce,Dipping Sauce,,199,0.34579439252336447,7.0,Louisville,KY
50,2025,31,108560,108560.0,Dipping Sauce,Dipping Sauce,,185,0.28431372549019607,7.529411764705882,Louisville,KY
50,2025,32,108560,108560.0,Dipping Sauce,Dipping Sauce,,215,0.3,8.0,Louisville,KY
50,2025,33,108560,108560.0,Dipping Sauce,Dipping Sauce,,208,0.34782608695652173,8.0,Louisville,KY
50,2025,34,108560,108560.0,Dipping Sauce,Dipping Sauce,,200,0.3486238532110092,8.0,Louisville,KY
50,2025,35,108560,108560.0,Dipping Sauce,Dipping Sauce,,246,0.4418604651162791,8.0,Louisville,KY
50,2025,36,108560,108560.0,Dipping Sauce,Dipping Sauce,,178,0.2912621359223301,9.0,Louisville,KY
50,2025,37,108560,108560.0,Dipping Sauce,Dipping Sauce,,270,0.3262411347517731,9.0,Louisville,KY
50,2025,38,108560,108560.0,Dipping Sauce,Dipping Sauce,,292,0.37012987012987014,9.0,Louisville,KY
50,2025,39,108560,108560.0,Dipping Sauce,Dipping Sauce,,262,0.4375,9.0,Louisville,KY
50,2025,40,108560,108560.0,Dipping Sauce,Dipping Sauce,,184,0.38317757009345793,9.757009345794392,Louisville,KY
50,2025,41,108560,108560.0,Dipping Sauce,Dipping Sauce,,188,0.29411764705882354,10.0,Louisville,KY
50,2025,42,108560,108560.0,Dipping Sauce,Dipping Sauce,,157,0.35051546391752575,10.0,Louisville,KY
50,2025,43,108560,108560.0,Dipping Sauce,Dipping Sauce,,202,0.39814814814814814,10.0,Louisville,KY
50,2025,27,108562,108562.0,Dipping Sauce,Dipping Sauce,,57,0.5384615384615384,7.0,Louisville,KY
50,2025,28,108562,108562.0,Dipping Sauce,Dipping Sauce,,66,0.38235294117647056,7.0,Louisville,KY
50,2025,29,108562,108562.0,Dipping Sauce,Dipping Sauce,,86,0.375,7.0,Louisville,KY
50,2025,30,108562,108562.0,Dipping Sauce,Dipping Sauce,,55,0.25925925925925924,7.0,Louisville,KY
50,2025,31,108562,108562.0,Dipping Sauce,Dipping Sauce,,56,0.3103448275862069,7.517241379310345,Louisville,KY
50,2025,32,108562,108562.0,Dipping Sauce,Dipping Sauce,,65,0.325,8.0,Louisville,KY
50,2025,33,108562,108562.0,Dipping Sauce,Dipping Sauce,,57,0.3333333333333333,8.0,Louisville,KY
50,2025,34,108562,108562.0,Dipping Sauce,Dipping Sauce,,32,0.21052631578947367,8.0,Louisville,KY
50,2025,35,108562,108562.0,Dipping Sauce,Dipping Sauce,,48,0.37037037037037035,8.0,Louisville,KY
50,2025,36,108562,108562.0,Dipping Sauce,Dipping Sauce,,57,0.3333333333333333,9.0,Louisville,KY
50,2025,37,108562,108562.0,Dipping Sauce,Dipping Sauce,,91,0.3,9.0,Louisville,KY
50,2025,38,108562,108562.0,Dipping Sauce,Dipping Sauce,,73,0.36585365853658536,9.0,Louisville,KY
50,2025,39,108562,108562.0,Dipping Sauce,Dipping Sauce,,69,0.3488372093023256,9.0,Louisville,KY
50,2025,40,108562,108562.0,Dipping Sauce,Dipping Sauce,,53,0.45161290322580644,9.806451612903226,Louisville,KY
50,2025,41,108562,108562.0,Dipping Sauce,Dipping Sauce,,62,0.3235294117647059,10.0,Louisville,KY
50,2025,42,108562,108562.0,Dipping Sauce,Dipping Sauce,,70,0.3125,10.0,Louisville,KY
50,2025,43,108562,108562.0,Dipping Sauce,Dipping Sauce,,39,0.25,10.0,Louisville,KY
50,2025,27,108564,108564.0,Seasoning Packet,Seasoning Packet,,24,0.3333333333333333,7.0,Louisville,KY
50,2025,28,108564,108564.0,Seasoning Packet,Seasoning Packet,,12,0.2222222222222222,7.0,Louisville,KY
50,2025,29,108564,108564.0,Seasoning Packet,Seasoning Packet,,10,0.0,7.0,Louisville,KY
50,2025,30,108564,108564.0,Seasoning Packet,Seasoning Packet,,22,0.25,7.0,Louisville,KY
50,2025,31,108564,108564.0,Seasoning Packet,Seasoning Packet,,15,0.4444444444444444,7.666666666666667,Louisville,KY
50,2025,32,108564,108564.0,Seasoning Packet,Seasoning Packet,,15,0.3,8.0,Louisville,KY
50,2025,33,108564,108564.0,Seasoning Packet,Seasoning Packet,,17,0.18181818181818182,8.0,Louisville,KY
50,2025,34,108564,108564.0,Seasoning Packet,Seasoning Packet,,13,0.2,8.0,Louisville,KY
50,2025,35,108564,108564.0,Seasoning Packet,Seasoning Packet,,25,0.45454545454545453,8.0,Louisville,KY
50,2025,36,108564,108564.0,Seasoning Packet,Seasoning Packet,,21,0.3333333333333333,9.0,Louisville,KY
50,2025,37,108564,108564.0,Seasoning Packet,Seasoning Packet,,17,0.4444444444444444,9.0,Louisville,KY
50,2025,38,108564,108564.0,Seasoning Packet,Seasoning Packet,,19,0.23076923076923078,9.0,Louisville,KY
50,2025,39,108564,108564.0,Seasoning Packet,Seasoning Packet,,35,0.4444444444444444,9.0,Louisville,KY
50,2025,40,108564,108564.0,Seasoning Packet,Seasoning Packet,,17,0.5,10.0,Louisville,KY
50,2025,41,108564,108564.0,Seasoning Packet,Seasoning Packet,,6,0.0,10.0,Louisville,KY
50,2025,42,108564,108564.0,Seasoning Packet,Seasoning Packet,,20,0.2727272727272727,10.0,Louisville,KY
50,2025,43,108564,108564.0,Seasoning Packet,Seasoning Packet,,9,0.3333333333333333,10.0,Louisville,KY
50,2025,27,108566,108566.0,Dipping Sauce,Dipping Sauce,,71,0.4090909090909091,7.0,Louisville,KY
50,2025,28,108566,108566.0,Dipping Sauce,Dipping Sauce,,95,0.3392857142857143,7.0,Louisville,KY
50,2025,29,108566,108566.0,Dipping Sauce,Dipping Sauce,,68,0.2631578947368421,7.0,Louisville,KY
50,2025,30,108566,108566.0,Dipping Sauce,Dipping Sauce,,74,0.2682926829268293,7.0,Louisville,KY
50,2025,31,108566,108566.0,Dipping Sauce,Dipping Sauce,,80,0.3695652173913043,7.478260869565218,Louisville,KY
50,2025,32,108566,108566.0,Dipping Sauce,Dipping Sauce,,82,0.2608695652173913,8.0,Louisville,KY
50,2025,33,108566,108566.0,Dipping Sauce,Dipping Sauce,,98,0.23728813559322035,8.0,Louisville,KY
50,2025,34,108566,108566.0,Dipping Sauce,Dipping Sauce,,95,0.3877551020408163,8.0,Louisville,KY
50,2025,35,108566,108566.0,Dipping Sauce,Dipping Sauce,,88,0.43137254901960786,8.0,Louisville,KY
50,2025,36,108566,108566.0,Dipping Sauce,Dipping Sauce,,61,0.41025641025641024,9.0,Louisville,KY
50,2025,37,108566,108566.0,Dipping Sauce,Dipping Sauce,,76,0.38181818181818183,9.0,Louisville,KY
50,2025,38,108566,108566.0,Dipping Sauce,Dipping Sauce,,104,0.3968253968253968,9.0,Louisville,KY
50,2025,39,108566,108566.0,Dipping Sauce,Dipping Sauce,,138,0.37349397590361444,9.0,Louisville,KY
50,2025,40,108566,108566.0,Dipping Sauce,Dipping Sauce,,94,0.5384615384615384,9.846153846153847,Louisville,KY
50,2025,41,108566,108566.0,Dipping Sauce,Dipping Sauce,,59,0.3333333333333333,10.0,Louisville,KY
50,2025,42,108566,108566.0,Dipping Sauce,Dipping Sauce,,87,0.3404255319148936,10.0,Louisville,KY
50,2025,43,108566,108566.0,Dipping Sauce,Dipping Sauce,,104,0.4915254237288136,10.0,Louisville,KY
50,2025,27,108568,108568.0,Dipping Sauce,Dipping Sauce,,46,0.6,7.0,Louisville,KY
50,2025,28,108568,108568.0,Dipping Sauce,Dipping Sauce,,108,0.3,7.0,Louisville,KY
50,2025,29,108568,108568.0,Dipping Sauce,Dipping Sauce,,63,0.38461538461538464,7.0,Louisville,KY
50,2025,30,108568,108568.0,Dipping Sauce,Dipping Sauce,,71,0.39285714285714285,7.0,Louisville,KY
50,2025,31,108568,108568.0,Dipping Sauce,Dipping Sauce,,64,0.2571428571428571,7.6,Louisville,KY
50,2025,32,108568,108568.0,Dipping Sauce,Dipping Sauce,,101,0.3684210526315789,8.0,Louisville,KY
50,2025,33,108568,108568.0,Dipping Sauce,Dipping Sauce,,93,0.4857142857142857,8.0,Louisville,KY
50,2025,34,108568,108568.0,Dipping Sauce,Dipping Sauce,,55,0.375,8.0,Louisville,KY
50,2025,35,108568,108568.0,Dipping Sauce,Dipping Sauce,,79,0.3870967741935484,8.0,Louisville,KY
50,2025,36,108568,108568.0,Dipping Sauce,Dipping Sauce,,60,0.20833333333333334,9.0,Louisville,KY
50,2025,37,108568,108568.0,Dipping Sauce,Dipping Sauce,,86,0.32432432432432434,9.0,Louisville,KY
50,2025,38,108568,108568.0,Dipping Sauce,Dipping Sauce,,90,0.4864864864864865,9.0,Louisville,KY
50,2025,39,108568,108568.0,Dipping Sauce,Dipping Sauce,,103,0.3137254901960784,9.0,Louisville,KY
50,2025,40,108568,108568.0,Dipping Sauce,Dipping Sauce,,133,0.3404255319148936,9.808510638297872,Louisville,KY
50,2025,41,108568,108568.0,Dipping Sauce,Dipping Sauce,,67,0.18181818181818182,10.0,Louisville,KY
50,2025,42,108568,108568.0,Dipping Sauce,Dipping Sauce,,72,0.225,10.0,Louisville,KY
50,2025,43,108568,108568.0,Dipping Sauce,Dipping Sauce,,69,0.4358974358974359,10.0,Louisville,KY
50,2025,27,108570,108570.0,Add-On,Add-On,,5,0.6666666666666666,7.0,Louisville,KY
50,2025,28,108570,108570.0,Add-On,Add-On,,1,1.0,7.0,Louisville,KY
50,2025,29,108570,108570.0,Add-On,Add-On,,1,0.0,7.0,Louisville,KY
50,2025,30,108570,108570.0,Add-On,Add-On,,1,0.0,7.0,Louisville,KY
50,2025,31,108570,108570.0,Add-On,Add-On,,4,0.0,7.0,Louisville,KY
50,2025,32,108570,108570.0,Add-On,Add-On,,4,0.5,8.0,Louisville,KY
50,2025,33,108570,108570.0,Add-On,Add-On,,3,0.0,8.0,Louisville,KY
50,2025,34,108570,108570.0,Add-On,Add-On,,5,0.0,8.0,Louisville,KY
50,2025,35,108570,108570.0,Add-On,Add-On,,5,0.0,8.0,Louisville,KY
50,2025,36,108570,108570.0,Add-On,Add-On,,1,0.0,9.0,Louisville,KY
50,2025,37,108570,108570.0,Add-On,Add-On,,4,0.6666666666666666,9.0,Louisville,KY
50,2025,38,108570,108570.0,Add-On,Add-On,,16,0.7,9.0,Louisville,KY
50,2025,39,108570,108570.0,Add-On,Add-On,,3,0.3333333333333333,9.0,Louisville,KY
50,2025,40,108570,108570.0,Add-On,Add-On,,3,0.6666666666666666,9.666666666666666,Louisville,KY
50,2025,41,108570,108570.0,Add-On,Add-On,,5,0.75,10.0,Louisville,KY
50,2025,42,108570,108570.0,Add-On,Add-On,,1,0.0,10.0,Louisville,KY
50,2025,43,108570,108570.0,Add-On,Add-On,,8,0.0,10.0,Louisville,KY
50,2025,29,108572,108572.0,Add-On,Add-On,,1,1.0,7.0,Louisville,KY
50,2025,30,108572,108572.0,Add-On,Add-On,,2,1.0,7.0,Louisville,KY
50,2025,31,108572,108572.0,Add-On,Add-On,,2,0.0,7.0,Louisville,KY
50,2025,32,108572,108572.0,Add-On,Add-On,,3,0.0,8.0,Louisville,KY
50,2025,33,108572,108572.0,Add-On,Add-On,,2,0.0,8.0,Louisville,KY
50,2025,40,108572,108572.0,Add-On,Add-On,,1,0.0,10.0,Louisville,KY
50,2025,41,108572,108572.0,Add-On,Add-On,,2,0.0,10.0,Louisville,KY
50,2025,43,108572,108572.0,Add-On,Add-On,,6,0.5,10.0,Louisville,KY
50,2025,27,108574,108574.0,Dipping Sauce,Dipping Sauce,,7,0.5,7.0,Louisville,KY
50,2025,28,108574,108574.0,Dipping Sauce,Dipping Sauce,,9,0.3333333333333333,7.0,Louisville,KY
50,2025,29,108574,108574.0,Dipping Sauce,Dipping Sauce,,4,0.0,7.0,Louisville,KY
50,2025,30,108574,108574.0,Dipping Sauce,Dipping Sauce,,8,0.3333333333333333,7.0,Louisville,KY
50,2025,31,108574,108574.0,Dipping Sauce,Dipping Sauce,,4,0.6666666666666666,7.666666666666667,Louisville,KY
50,2025,32,108574,108574.0,Dipping Sauce,Dipping Sauce,,6,0.75,8.0,Louisville,KY
50,2025,33,108574,108574.0,Dipping Sauce,Dipping Sauce,,8,0.0,8.0,Louisville,KY
50,2025,34,108574,108574.0,Dipping Sauce,Dipping Sauce,,2,0.0,8.0,Louisville,KY
50,2025,35,108574,108574.0,Dipping Sauce,Dipping Sauce,,2,0.5,8.0,Louisville,KY
50,2025,36,108574,108574.0,Dipping Sauce,Dipping Sauce,,2,0.0,9.0,Louisville,KY
50,2025,37,108574,108574.0,Dipping Sauce,Dipping Sauce,,2,0.5,9.0,Louisville,KY
50,2025,38,108574,108574.0,Dipping Sauce,Dipping Sauce,,4,0.0,9.0,Louisville,KY
50,2025,39,108574,108574.0,Dipping Sauce,Dipping Sauce,,6,0.5,9.0,Louisville,KY
50,2025,40,108574,108574.0,Dipping Sauce,Dipping Sauce,,1,1.0,10.0,Louisville,KY
50,2025,41,108574,108574.0,Dipping Sauce,Dipping Sauce,,9,0.16666666666666666,10.0,Louisville,KY
50,2025,42,108574,108574.0,Dipping Sauce,Dipping Sauce,,3,0.0,10.0,Louisville,KY
50,2025,43,108574,108574.0,Dipping Sauce,Dipping Sauce,,2,0.5,10.0,Louisville,KY
50,2025,28,108576,108576.0,Dipping Sauce,Dipping Sauce,,4,0.5,7.0,Louisville,KY
50,2025,29,108576,108576.0,Dipping Sauce,Dipping Sauce,,1,0.0,7.0,Louisville,KY
50,2025,30,108576,108576.0,Dipping Sauce,Dipping Sauce,,1,1.0,7.0,Louisville,KY
50,2025,31,108576,108576.0,Dipping Sauce,Dipping Sauce,,2,1.0,8.0,Louisville,KY
50,2025,32,108576,108576.0,Dipping Sauce,Dipping Sauce,,1,0.0,8.0,Louisville,KY
50,2025,35,108576,108576.0,Dipping Sauce,Dipping Sauce,,1,0.0,8.0,Louisville,KY
50,2025,36,108576,108576.0,Dipping Sauce,Dipping Sauce,,1,0.0,9.0,Louisville,KY
50,2025,37,108576,108576.0,Dipping Sauce,Dipping Sauce,,2,0.0,9.0,Louisville,KY
50,2025,38,108576,108576.0,Dipping Sauce,Dipping Sauce,,6,0.4,9.0,Louisville,KY
50,2025,39,108576,108576.0,Dipping Sauce,Dipping Sauce,,2,0.0,9.0,Louisville,KY
50,2025,41,108576,108576.0,Dipping Sauce,Dipping Sauce,,2,1.0,10.0,Louisville,KY
50,2025,42,108576,108576.0,Dipping Sauce,Dipping Sauce,,2,0.0,10.0,Louisville,KY
50,2025,28,108578,108578.0,Dipping Sauce,Dipping Sauce,,1,0.0,7.0,Louisville,KY
50,2025,30,108578,108578.0,Dipping Sauce,Dipping Sauce,,4,0.0,7.0,Louisville,KY
50,2025,31,108578,108578.0,Dipping Sauce,Dipping Sauce,,2,0.0,7.0,Louisville,KY
50,2025,32,108578,108578.0,Dipping Sauce,Dipping Sauce,,1,0.0,8.0,Louisville,KY
50,2025,33,108578,108578.0,Dipping Sauce,Dipping Sauce,,3,0.3333333333333333,8.0,Louisville,KY
50,2025,34,108578,108578.0,Dipping Sauce,Dipping Sauce,,4,0.5,8.0,Louisville,KY
50,2025,35,108578,108578.0,Dipping Sauce,Dipping Sauce,,7,0.0,8.0,Louisville,KY
50,2025,27,108580,108580.0,Dipping Sauce,Dipping Sauce,,4,0.3333333333333333,7.0,Louisville,KY
50,2025,28,108580,108580.0,Dipping Sauce,Dipping Sauce,,1,0.0,7.0,Louisville,KY
50,2025,29,108580,108580.0,Dipping Sauce,Dipping Sauce,,2,0.0,7.0,Louisville,KY
50,2025,30,108580,108580.0,Dipping Sauce,Dipping Sauce,,5,0.0,7.0,Louisville,KY
50,2025,31,108580,108580.0,Dipping Sauce,Dipping Sauce,,1,1.0,8.0,Louisville,KY
50,2025,32,108580,108580.0,Dipping Sauce,Dipping Sauce,,4,0.5,8.0,Louisville,KY
50,2025,33,108580,108580.0,Dipping Sauce,Dipping Sauce,,3,1.0,8.0,Louisville,KY
50,2025,34,108580,108580.0,Dipping Sauce,Dipping Sauce,,1,0.0,8.0,Louisville,KY
50,2025,35,108580,108580.0,Dipping Sauce,Dipping Sauce,,4,0.5,8.0,Louisville,KY
50,2025,36,108580,108580.0,Dipping Sauce,Dipping Sauce,,3,0.3333333333333333,9.0,Louisville,KY
50,2025,38,108580,108580.0,Dipping Sauce,Dipping Sauce,,12,0.3333333333333333,9.0,Louisville,KY
50,2025,39,108580,108580.0,Dipping Sauce,Dipping Sauce,,4,0.25,9.0,Louisville,KY
50,2025,40,108580,108580.0,Dipping Sauce,Dipping Sauce,,5,0.6,9.8,Louisville,KY
50,2025,42,108580,108580.0,Dipping Sauce,Dipping Sauce,,2,1.0,10.0,Louisville,KY
50,2025,43,108580,108580.0,Dipping Sauce,Dipping Sauce,,2,0.0,10.0,Louisville,KY
50,2025,27,108592,108592.0,Dipping Sauce,Dipping Sauce,,2,1.0,7.0,Louisville,KY
50,2025,28,108592,108592.0,Dipping Sauce,Dipping Sauce,,3,0.3333333333333333,7.0,Louisville,KY
50,2025,29,108592,108592.0,Dipping Sauce,Dipping Sauce,,4,0.3333333333333333,7.0,Louisville,KY
50,2025,30,108592,108592.0,Dipping Sauce,Dipping Sauce,,4,0.25,7.0,Louisville,KY
50,2025,31,108592,108592.0,Dipping Sauce,Dipping Sauce,,4,0.3333333333333333,7.333333333333333,Louisville,KY
50,2025,32,108592,108592.0,Dipping Sauce,Dipping Sauce,,7,0.6666666666666666,8.0,Louisville,KY
50,2025,33,108592,108592.0,Dipping Sauce,Dipping Sauce,,1,1.0,8.0,Louisville,KY
50,2025,34,108592,108592.0,Dipping Sauce,Dipping Sauce,,3,0.0,8.0,Louisville,KY
50,2025,35,108592,108592.0,Dipping Sauce,Dipping Sauce,,10,0.42857142857142855,8.0,Louisville,KY
50,2025,36,108592,108592.0,Dipping Sauce,Dipping Sauce,,3,0.5,9.0,Louisville,KY
50,2025,37,108592,108592.0,Dipping Sauce,Dipping Sauce,,6,1.0,9.0,Louisville,KY
50,2025,38,108592,108592.0,Dipping Sauce,Dipping Sauce,,8,0.0,9.0,Louisville,KY
50,2025,39,108592,108592.0,Dipping Sauce,Dipping Sauce,,13,0.3333333333333333,9.0,Louisville,KY
50,2025,40,108592,108592.0,Dipping Sauce,Dipping Sauce,,9,0.2857142857142857,9.571428571428571,Louisville,KY
50,2025,41,108592,108592.0,Dipping Sauce,Dipping Sauce,,1,1.0,10.0,Louisville,KY
50,2025,42,108592,108592.0,Dipping Sauce,Dipping Sauce,,4,0.25,10.0,Louisville,KY
50,2025,43,108592,108592.0,Dipping Sauce,Dipping Sauce,,4,0.3333333333333333,10.0,Louisville,KY
50,2025,27,108594,108594.0,Baked Dessert,Baked Dessert,,19,0.5789473684210527,7.0,Louisville,KY
50,2025,28,108594,108594.0,Baked Dessert,Baked Dessert,,25,0.44,7.0,Louisville,KY
50,2025,29,108594,108594.0,Baked Dessert,Baked Dessert,,29,0.25925925925925924,7.0,Louisville,KY
50,2025,30,108594,108594.0,Baked Dessert,Baked Dessert,,23,0.4090909090909091,7.0,Louisville,KY
50,2025,31,108594,108594.0,Baked Dessert,Baked Dessert,,22,0.5909090909090909,7.7272727272727275,Louisville,KY
50,2025,32,108594,108594.0,Baked Dessert,Baked Dessert,,27,0.4,8.0,Louisville,KY
50,2025,33,108594,108594.0,Baked Dessert,Baked Dessert,,38,0.3125,8.0,Louisville,KY
50,2025,34,108594,108594.0,Baked Dessert,Baked Dessert,,25,0.28,8.0,Louisville,KY
50,2025,35,108594,108594.0,Baked Dessert,Baked Dessert,,23,0.391304347826087,8.0,Louisville,KY
50,2025,36,108594,108594.0,Baked Dessert,Baked Dessert,,23,0.43478260869565216,9.0,Louisville,KY
50,2025,37,108594,108594.0,Baked Dessert,Baked Dessert,,30,0.4827586206896552,9.0,Louisville,KY
50,2025,38,108594,108594.0,Baked Dessert,Baked Dessert,,34,0.45454545454545453,9.0,Louisville,KY
50,2025,39,108594,108594.0,Baked Dessert,Baked Dessert,,32,0.4375,9.0,Louisville,KY
50,2025,40,108594,108594.0,Baked Dessert,Baked Dessert,,19,0.42105263157894735,9.736842105263158,Louisville,KY
50,2025,41,108594,108594.0,Baked Dessert,Baked Dessert,,21,0.3333333333333333,10.0,Louisville,KY
50,2025,42,108594,108594.0,Baked Dessert,Baked Dessert,,19,0.5789473684210527,10.0,Louisville,KY
50,2025,43,108594,108594.0,Baked Dessert,Baked Dessert,,17,0.47058823529411764,10.0,Louisville,KY
50,2025,27,108596,108596.0,Baked Dessert,Baked Dessert,,24,0.375,7.0,Louisville,KY
50,2025,28,108596,108596.0,Baked Dessert,Baked Dessert,,36,0.37142857142857144,7.0,Louisville,KY
50,2025,29,108596,108596.0,Baked Dessert,Baked Dessert,,35,0.3235294117647059,7.0,Louisville,KY
50,2025,30,108596,108596.0,Baked Dessert,Baked Dessert,,21,0.3,7.0,Louisville,KY
50,2025,31,108596,108596.0,Baked Dessert,Baked Dessert,,24,0.3181818181818182,7.409090909090909,Louisville,KY
50,2025,32,108596,108596.0,Baked Dessert,Baked Dessert,,35,0.1935483870967742,8.0,Louisville,KY
50,2025,33,108596,108596.0,Baked Dessert,Baked Dessert,,26,0.13043478260869565,8.0,Louisville,KY
50,2025,34,108596,108596.0,Baked Dessert,Baked Dessert,,20,0.25,8.0,Louisville,KY
50,2025,35,108596,108596.0,Baked Dessert,Baked Dessert,,22,0.45454545454545453,8.0,Louisville,KY
50,2025,36,108596,108596.0,Baked Dessert,Baked Dessert,,26,0.19230769230769232,9.0,Louisville,KY
50,2025,37,108596,108596.0,Baked Dessert,Baked Dessert,,40,0.425,9.0,Louisville,KY
50,2025,38,108596,108596.0,Baked Dessert,Baked Dessert,,37,0.4166666666666667,9.0,Louisville,KY
50,2025,39,108596,108596.0,Baked Dessert,Baked Dessert,,29,0.3448275862068966,9.0,Louisville,KY
50,2025,40,108596,108596.0,Baked Dessert,Baked Dessert,,34,0.3235294117647059,9.852941176470589,Louisville,KY
50,2025,41,108596,108596.0,Baked Dessert,Baked Dessert,,20,0.3,10.0,Louisville,KY
50,2025,42,108596,108596.0,Baked Dessert,Baked Dessert,,23,0.3181818181818182,10.0,Louisville,KY
50,2025,43,108596,108596.0,Baked Dessert,Baked Dessert,,23,0.391304347826087,10.0,Louisville,KY
50,2025,27,108598,108598.0,Baked Dessert,Baked Dessert,,24,0.34782608695652173,7.0,Louisville,KY
50,2025,28,108598,108598.0,Baked Dessert,Baked Dessert,,26,0.43478260869565216,7.0,Louisville,KY
50,2025,29,108598,108598.0,Baked Dessert,Baked Dessert,,29,0.46153846153846156,7.0,Louisville,KY
50,2025,30,108598,108598.0,Baked Dessert,Baked Dessert,,24,0.30434782608695654,7.0,Louisville,KY
50,2025,31,108598,108598.0,Baked Dessert,Baked Dessert,,36,0.3333333333333333,7.527777777777778,Louisville,KY
50,2025,32,108598,108598.0,Baked Dessert,Baked Dessert,,19,0.2222222222222222,8.0,Louisville,KY
50,2025,33,108598,108598.0,Baked Dessert,Baked Dessert,,27,0.2916666666666667,8.0,Louisville,KY
50,2025,34,108598,108598.0,Baked Dessert,Baked Dessert,,23,0.4782608695652174,8.0,Louisville,KY
50,2025,35,108598,108598.0,Baked Dessert,Baked Dessert,,32,0.4827586206896552,8.0,Louisville,KY
50,2025,36,108598,108598.0,Baked Dessert,Baked Dessert,,20,0.47368421052631576,9.0,Louisville,KY
50,2025,37,108598,108598.0,Baked Dessert,Baked Dessert,,25,0.5416666666666666,9.0,Louisville,KY
50,2025,38,108598,108598.0,Baked Dessert,Baked Dessert,,28,0.37037037037037035,9.0,Louisville,KY
50,2025,39,108598,108598.0,Baked Dessert,Baked Dessert,,36,0.23529411764705882,9.0,Louisville,KY
50,2025,40,108598,108598.0,Baked Dessert,Baked Dessert,,22,0.5238095238095238,9.80952380952381,Louisville,KY
50,2025,41,108598,108598.0,Baked Dessert,Baked Dessert,,23,0.45454545454545453,10.0,Louisville,KY
50,2025,42,108598,108598.0,Baked Dessert,Baked Dessert,,21,0.5238095238095238,10.0,Louisville,KY
50,2025,43,108598,108598.0,Baked Dessert,Baked Dessert,,19,0.5,10.0,Louisville,KY
50,2025,27,108606,108606.0,Soft Drink,Dr. Pepper,,18,0.35294117647058826,7.0,Louisville,KY
50,2025,28,108606,108606.0,Soft Drink,Dr. Pepper,,19,0.3888888888888889,7.0,Louisville,KY
50,2025,29,108606,108606.0,Soft Drink,Dr. Pepper,,24,0.2608695652173913,7.0,Louisville,KY
50,2025,30,108606,108606.0,Soft Drink,Dr. Pepper,,15,0.3333333333333333,7.0,Louisville,KY
50,2025,31,108606,108606.0,Soft Drink,Dr. Pepper,,14,0.2857142857142857,7.428571428571429,Louisville,KY
50,2025,32,108606,108606.0,Soft Drink,Dr. Pepper,,11,0.45454545454545453,8.0,Louisville,KY
50,2025,33,108606,108606.0,Soft Drink,Dr. Pepper,,17,0.4375,8.0,Louisville,KY
50,2025,34,108606,108606.0,Soft Drink,Dr. Pepper,,13,0.15384615384615385,8.0,Louisville,KY
50,2025,35,108606,108606.0,Soft Drink,Dr. Pepper,,22,0.42857142857142855,8.0,Louisville,KY
50,2025,36,108606,108606.0,Soft Drink,Dr. Pepper,,17,0.4117647058823529,9.0,Louisville,KY
50,2025,37,108606,108606.0,Soft Drink,Dr. Pepper,,24,0.2727272727272727,9.0,Louisville,KY
50,2025,38,108606,108606.0,Soft Drink,Dr. Pepper,,34,0.45454545454545453,9.0,Louisville,KY
50,2025,39,108606,108606.0,Soft Drink,Dr. Pepper,,33,0.45454545454545453,9.0,Louisville,KY
50,2025,40,108606,108606.0,Soft Drink,Dr. Pepper,,26,0.4230769230769231,9.884615384615385,Louisville,KY
50,2025,41,108606,108606.0,Soft Drink,Dr. Pepper,,25,0.24,10.0,Louisville,KY
50,2025,42,108606,108606.0,Soft Drink,Dr. Pepper,,24,0.2608695652173913,10.0,Louisville,KY
50,2025,43,108606,108606.0,Soft Drink,Dr. Pepper,,24,0.4166666666666667,10.0,Louisville,KY
50,2025,27,108608,108608.0,Soft Drink,Dr. Pepper,,4,0.6666666666666666,7.0,Louisville,KY
50,2025,28,108608,108608.0,Soft Drink,Dr. Pepper,,17,0.4375,7.0,Louisville,KY
50,2025,29,108608,108608.0,Soft Drink,Dr. Pepper,,9,0.1111111111111111,7.0,Louisville,KY
50,2025,30,108608,108608.0,Soft Drink,Dr. Pepper,,16,0.25,7.0,Louisville,KY
50,2025,31,108608,108608.0,Soft Drink,Dr. Pepper,,14,0.23076923076923078,7.461538461538462,Louisville,KY
50,2025,32,108608,108608.0,Soft Drink,Dr. Pepper,,14,0.2857142857142857,8.0,Louisville,KY
50,2025,33,108608,108608.0,Soft Drink,Dr. Pepper,,12,0.08333333333333333,8.0,Louisville,KY
50,2025,34,108608,108608.0,Soft Drink,Dr. Pepper,,9,0.125,8.0,Louisville,KY
50,2025,35,108608,108608.0,Soft Drink,Dr. Pepper,,10,0.3,8.0,Louisville,KY
50,2025,36,108608,108608.0,Soft Drink,Dr. Pepper,,15,0.06666666666666667,9.0,Louisville,KY
50,2025,37,108608,108608.0,Soft Drink,Dr. Pepper,,19,0.3333333333333333,9.0,Louisville,KY
50,2025,38,108608,108608.0,Soft Drink,Dr. Pepper,,11,0.375,9.0,Louisville,KY
50,2025,39,108608,108608.0,Soft Drink,Dr. Pepper,,15,0.25,9.0,Louisville,KY
50,2025,40,108608,108608.0,Soft Drink,Dr. Pepper,,16,0.07692307692307693,9.538461538461538,Louisville,KY
50,2025,41,108608,108608.0,Soft Drink,Dr. Pepper,,9,0.2857142857142857,10.0,Louisville,KY
50,2025,42,108608,108608.0,Soft Drink,Dr. Pepper,,19,0.2857142857142857,10.0,Louisville,KY
50,2025,43,108608,108608.0,Soft Drink,Dr. Pepper,,13,0.3076923076923077,10.0,Louisville,KY
50,2025,27,108612,108612.0,Soft Drink,Mountain Dew,,6,0.3333333333333333,7.0,Louisville,KY
50,2025,28,108612,108612.0,Soft Drink,Mountain Dew,,10,0.2222222222222222,7.0,Louisville,KY
50,2025,29,108612,108612.0,Soft Drink,Mountain Dew,,15,0.14285714285714285,7.0,Louisville,KY
50,2025,30,108612,108612.0,Soft Drink,Mountain Dew,,4,0.0,7.0,Louisville,KY
50,2025,31,108612,108612.0,Soft Drink,Mountain Dew,,10,0.3,7.6,Louisville,KY
50,2025,32,108612,108612.0,Soft Drink,Mountain Dew,,17,0.23529411764705882,8.0,Louisville,KY
50,2025,33,108612,108612.0,Soft Drink,Mountain Dew,,22,0.2,8.0,Louisville,KY
50,2025,34,108612,108612.0,Soft Drink,Mountain Dew,,13,0.2727272727272727,8.0,Louisville,KY
50,2025,35,108612,108612.0,Soft Drink,Mountain Dew,,12,0.2727272727272727,8.0,Louisville,KY
50,2025,36,108612,108612.0,Soft Drink,Mountain Dew,,10,0.5,9.0,Louisville,KY
50,2025,37,108612,108612.0,Soft Drink,Mountain Dew,,17,0.5294117647058824,9.0,Louisville,KY
50,2025,38,108612,108612.0,Soft Drink,Mountain Dew,,14,0.42857142857142855,9.0,Louisville,KY
50,2025,39,108612,108612.0,Soft Drink,Mountain Dew,,17,0.3125,9.0,Louisville,KY
50,2025,40,108612,108612.0,Soft Drink,Mountain Dew,,10,0.2,9.7,Louisville,KY
50,2025,41,108612,108612.0,Soft Drink,Mountain Dew,,9,0.3333333333333333,10.0,Louisville,KY
50,2025,42,108612,108612.0,Soft Drink,Mountain Dew,,9,0.5,10.0,Louisville,KY
50,2025,43,108612,108612.0,Soft Drink,Mountain Dew,,11,0.36363636363636365,10.0,Louisville,KY
50,2025,27,108616,108616.0,Soft Drink,Pepsi,,34,0.5172413793103449,7.0,Louisville,KY
50,2025,28,108616,108616.0,Soft Drink,Pepsi,,32,0.3448275862068966,7.0,Louisville,KY
50,2025,29,108616,108616.0,Soft Drink,Pepsi,,37,0.4375,7.0,Louisville,KY
50,2025,30,108616,108616.0,Soft Drink,Pepsi,,32,0.26666666666666666,7.0,Louisville,KY
50,2025,31,108616,108616.0,Soft Drink,Pepsi,,33,0.36666666666666664,7.6,Louisville,KY
50,2025,32,108616,108616.0,Soft Drink,Pepsi,,35,0.14285714285714285,8.0,Louisville,KY
50,2025,33,108616,108616.0,Soft Drink,Pepsi,,30,0.2962962962962963,8.0,Louisville,KY
50,2025,34,108616,108616.0,Soft Drink,Pepsi,,30,0.39285714285714285,8.0,Louisville,KY
50,2025,35,108616,108616.0,Soft Drink,Pepsi,,35,0.2903225806451613,8.0,Louisville,KY
50,2025,36,108616,108616.0,Soft Drink,Pepsi,,27,0.36,9.0,Louisville,KY
50,2025,37,108616,108616.0,Soft Drink,Pepsi,,46,0.23809523809523808,9.0,Louisville,KY
50,2025,38,108616,108616.0,Soft Drink,Pepsi,,43,0.225,9.0,Louisville,KY
50,2025,39,108616,108616.0,Soft Drink,Pepsi,,42,0.3076923076923077,9.0,Louisville,KY
50,2025,40,108616,108616.0,Soft Drink,Pepsi,,31,0.5714285714285714,9.928571428571429,Louisville,KY
50,2025,41,108616,108616.0,Soft Drink,Pepsi,,29,0.4074074074074074,10.0,Louisville,KY
50,2025,42,108616,108616.0,Soft Drink,Pepsi,,49,0.39473684210526316,10.0,Louisville,KY
50,2025,43,108616,108616.0,Soft Drink,Pepsi,,30,0.3333333333333333,10.0,Louisville,KY
50,2025,27,108618,108618.0,Soft Drink,Pepsi,,3,0.0,7.0,Louisville,KY
50,2025,28,108618,108618.0,Soft Drink,Pepsi,,5,0.6,7.0,Louisville,KY
50,2025,29,108618,108618.0,Soft Drink,Pepsi,,8,0.0,7.0,Louisville,KY
50,2025,30,108618,108618.0,Soft Drink,Pepsi,,3,0.3333333333333333,7.0,Louisville,KY
50,2025,31,108618,108618.0,Soft Drink,Pepsi,,4,0.25,7.5,Louisville,KY
50,2025,32,108618,108618.0,Soft Drink,Pepsi,,8,0.8,8.0,Louisville,KY
50,2025,33,108618,108618.0,Soft Drink,Pepsi,,6,0.2,8.0,Louisville,KY
50,2025,34,108618,108618.0,Soft Drink,Pepsi,,4,0.25,8.0,Louisville,KY
50,2025,27,108632,108632.0,Soft Drink,Pepsi,,16,0.5454545454545454,7.0,Louisville,KY
50,2025,28,108632,108632.0,Soft Drink,Pepsi,,28,0.22727272727272727,7.0,Louisville,KY
50,2025,29,108632,108632.0,Soft Drink,Pepsi,,17,0.3076923076923077,7.0,Louisville,KY
50,2025,30,108632,108632.0,Soft Drink,Pepsi,,17,0.07142857142857142,7.0,Louisville,KY
50,2025,31,108632,108632.0,Soft Drink,Pepsi,,33,0.18181818181818182,7.363636363636363,Louisville,KY
50,2025,32,108632,108632.0,Soft Drink,Pepsi,,39,0.11538461538461539,8.0,Louisville,KY
50,2025,33,108632,108632.0,Soft Drink,Pepsi,,26,0.42857142857142855,8.0,Louisville,KY
50,2025,34,108632,108632.0,Soft Drink,Pepsi,,30,0.22727272727272727,8.0,Louisville,KY
50,2025,35,108632,108632.0,Soft Drink,Pepsi,,24,0.2727272727272727,8.0,Louisville,KY
50,2025,36,108632,108632.0,Soft Drink,Pepsi,,32,0.29411764705882354,9.0,Louisville,KY
50,2025,37,108632,108632.0,Soft Drink,Pepsi,,29,0.34782608695652173,9.0,Louisville,KY
50,2025,38,108632,108632.0,Soft Drink,Pepsi,,17,0.4117647058823529,9.0,Louisville,KY
50,2025,39,108632,108632.0,Soft Drink,Pepsi,,37,0.2222222222222222,9.0,Louisville,KY
50,2025,40,108632,108632.0,Soft Drink,Pepsi,,26,0.16666666666666666,9.722222222222221,Louisville,KY
50,2025,41,108632,108632.0,Soft Drink,Pepsi,,15,0.16666666666666666,10.0,Louisville,KY
50,2025,42,108632,108632.0,Soft Drink,Pepsi,,24,0.05555555555555555,10.0,Louisville,KY
50,2025,43,108632,108632.0,Soft Drink,Pepsi,,14,0.3076923076923077,10.0,Louisville,KY
50,2025,27,108634,108634.0,Soft Drink,Pepsi,,2,0.5,7.0,Louisville,KY
50,2025,28,108634,108634.0,Soft Drink,Pepsi,,2,0.0,7.0,Louisville,KY
50,2025,29,108634,108634.0,Soft Drink,Pepsi,,6,0.0,7.0,Louisville,KY
50,2025,30,108634,108634.0,Soft Drink,Pepsi,,4,0.75,7.0,Louisville,KY
50,2025,32,108634,108634.0,Soft Drink,Pepsi,,11,0.375,8.0,Louisville,KY
50,2025,33,108634,108634.0,Soft Drink,Pepsi,,3,0.6666666666666666,8.0,Louisville,KY
50,2025,34,108634,108634.0,Soft Drink,Pepsi,,3,0.0,8.0,Louisville,KY
50,2025,27,108642,108642.0,Soft Drink,Mountain Dew,,3,1.0,7.0,Louisville,KY
50,2025,28,108642,108642.0,Soft Drink,Mountain Dew,,10,0.42857142857142855,7.0,Louisville,KY
50,2025,29,108642,108642.0,Soft Drink,Mountain Dew,,7,0.0,7.0,Louisville,KY
50,2025,30,108642,108642.0,Soft Drink,Mountain Dew,,10,0.125,7.0,Louisville,KY
50,2025,31,108642,108642.0,Soft Drink,Mountain Dew,,7,0.0,7.6,Louisville,KY
50,2025,32,108642,108642.0,Soft Drink,Mountain Dew,,14,0.23076923076923078,8.0,Louisville,KY
50,2025,33,108642,108642.0,Soft Drink,Mountain Dew,,6,0.2,8.0,Louisville,KY
50,2025,34,108642,108642.0,Soft Drink,Mountain Dew,,15,0.3,8.0,Louisville,KY
50,2025,35,108642,108642.0,Soft Drink,Mountain Dew,,6,0.0,8.0,Louisville,KY
50,2025,36,108642,108642.0,Soft Drink,Mountain Dew,,4,0.5,9.0,Louisville,KY
50,2025,37,108642,108642.0,Soft Drink,Mountain Dew,,9,0.5555555555555556,9.0,Louisville,KY
50,2025,38,108642,108642.0,Soft Drink,Mountain Dew,,10,0.2222222222222222,9.0,Louisville,KY
50,2025,39,108642,108642.0,Soft Drink,Mountain Dew,,15,0.25,9.0,Louisville,KY
50,2025,40,108642,108642.0,Soft Drink,Mountain Dew,,18,0.46153846153846156,9.692307692307692,Louisville,KY
50,2025,41,108642,108642.0,Soft Drink,Mountain Dew,,14,0.6428571428571429,10.0,Louisville,KY
50,2025,42,108642,108642.0,Soft Drink,Mountain Dew,,8,0.625,10.0,Louisville,KY
50,2025,43,108642,108642.0,Soft Drink,Mountain Dew,,8,0.375,10.0,Louisville,KY
50,2025,27,108644,108644.0,Water,Aquafina,,8,0.0,7.0,Louisville,KY
50,2025,28,108644,108644.0,Water,Aquafina,,6,0.3333333333333333,7.0,Louisville,KY
50,2025,29,108644,108644.0,Water,Aquafina,,16,0.25,7.0,Louisville,KY
50,2025,30,108644,108644.0,Water,Aquafina,,4,0.0,7.0,Louisville,KY
50,2025,31,108644,108644.0,Water,Aquafina,,5,0.4,7.6,Louisville,KY
50,2025,32,108644,108644.0,Water,Aquafina,,5,0.25,8.0,Louisville,KY
50,2025,33,108644,108644.0,Water,Aquafina,,6,0.3333333333333333,8.0,Louisville,KY
50,2025,34,108644,108644.0,Water,Aquafina,,6,0.2,8.0,Louisville,KY
50,2025,35,108644,108644.0,Water,Aquafina,,4,1.0,8.0,Louisville,KY
50,2025,36,108644,108644.0,Water,Aquafina,,7,0.25,9.0,Louisville,KY
50,2025,37,108644,108644.0,Water,Aquafina,,11,0.2857142857142857,9.0,Louisville,KY
50,2025,38,108644,108644.0,Water,Aquafina,,6,0.2,9.0,Louisville,KY
50,2025,39,108644,108644.0,Water,Aquafina,,12,0.42857142857142855,9.0,Louisville,KY
50,2025,40,108644,108644.0,Water,Aquafina,,3,0.6666666666666666,9.666666666666666,Louisville,KY
50,2025,41,108644,108644.0,Water,Aquafina,,2,1.0,10.0,Louisville,KY
50,2025,42,108644,108644.0,Water,Aquafina,,6,0.4,10.0,Louisville,KY
50,2025,43,108644,108644.0,Water,Aquafina,,5,0.25,10.0,Louisville,KY
50,2025,27,108672,108672.0,Soft Drink,Pepsi,,1,0.0,7.0,Louisville,KY
50,2025,28,108672,108672.0,Soft Drink,Pepsi,,7,0.2857142857142857,7.0,Louisville,KY
50,2025,29,108672,108672.0,Soft Drink,Pepsi,,4,0.0,7.0,Louisville,KY
50,2025,30,108672,108672.0,Soft Drink,Pepsi,,2,0.0,7.0,Louisville,KY
50,2025,31,108672,108672.0,Soft Drink,Pepsi,,2,0.5,7.5,Louisville,KY
50,2025,32,108672,108672.0,Soft Drink,Pepsi,,9,0.14285714285714285,8.0,Louisville,KY
50,2025,33,108672,108672.0,Soft Drink,Pepsi,,4,0.25,8.0,Louisville,KY
50,2025,34,108672,108672.0,Soft Drink,Pepsi,,5,0.4,8.0,Louisville,KY
50,2025,35,108672,108672.0,Soft Drink,Pepsi,,9,0.16666666666666666,8.0,Louisville,KY
50,2025,36,108672,108672.0,Soft Drink,Pepsi,,6,0.5,9.0,Louisville,KY
50,2025,37,108672,108672.0,Soft Drink,Pepsi,,16,0.5,9.0,Louisville,KY
50,2025,38,108672,108672.0,Soft Drink,Pepsi,,25,0.23076923076923078,9.0,Louisville,KY
50,2025,39,108672,108672.0,Soft Drink,Pepsi,,13,0.1111111111111111,9.0,Louisville,KY
50,2025,40,108672,108672.0,Soft Drink,Pepsi,,22,0.3,9.9,Louisville,KY
50,2025,41,108672,108672.0,Soft Drink,Pepsi,,3,0.3333333333333333,10.0,Louisville,KY
50,2025,42,108672,108672.0,Soft Drink,Pepsi,,10,0.0,10.0,Louisville,KY
50,2025,43,108672,108672.0,Soft Drink,Pepsi,,1,0.0,10.0,Louisville,KY
50,2025,27,108674,108674.0,Soft Drink,Crush,,6,0.6666666666666666,7.0,Louisville,KY
50,2025,28,108674,108674.0,Soft Drink,Crush,,9,0.375,7.0,Louisville,KY
50,2025,29,108674,108674.0,Soft Drink,Crush,,9,0.25,7.0,Louisville,KY
50,2025,30,108674,108674.0,Soft Drink,Crush,,15,0.3076923076923077,7.0,Louisville,KY
50,2025,31,108674,108674.0,Soft Drink,Crush,,14,0.2857142857142857,7.357142857142857,Louisville,KY
50,2025,32,108674,108674.0,Soft Drink,Crush,,13,0.2727272727272727,8.0,Louisville,KY
50,2025,33,108674,108674.0,Soft Drink,Crush,,12,0.36363636363636365,8.0,Louisville,KY
50,2025,34,108674,108674.0,Soft Drink,Crush,,6,0.16666666666666666,8.0,Louisville,KY
50,2025,35,108674,108674.0,Soft Drink,Crush,,9,0.2222222222222222,8.0,Louisville,KY
50,2025,36,108674,108674.0,Soft Drink,Crush,,4,0.5,9.0,Louisville,KY
50,2025,37,108674,108674.0,Soft Drink,Crush,,13,0.25,9.0,Louisville,KY
50,2025,38,108674,108674.0,Soft Drink,Crush,,15,0.5333333333333333,9.0,Louisville,KY
50,2025,39,108674,108674.0,Soft Drink,Crush,,10,0.1111111111111111,9.0,Louisville,KY
50,2025,40,108674,108674.0,Soft Drink,Crush,,9,0.3333333333333333,9.833333333333334,Louisville,KY
50,2025,41,108674,108674.0,Soft Drink,Crush,,14,0.38461538461538464,10.0,Louisville,KY
50,2025,42,108674,108674.0,Soft Drink,Crush,,12,0.2727272727272727,10.0,Louisville,KY
50,2025,43,108674,108674.0,Soft Drink,Crush,,11,0.45454545454545453,10.0,Louisville,KY
50,2025,27,108676,108676.0,Soft Drink,Crush,,7,0.0,7.0,Louisville,KY
50,2025,28,108676,108676.0,Soft Drink,Crush,,9,0.5,7.0,Louisville,KY
50,2025,29,108676,108676.0,Soft Drink,Crush,,9,0.125,7.0,Louisville,KY
50,2025,30,108676,108676.0,Soft Drink,Crush,,9,0.2857142857142857,7.0,Louisville,KY
50,2025,31,108676,108676.0,Soft Drink,Crush,,4,0.25,7.5,Louisville,KY
50,2025,32,108676,108676.0,Soft Drink,Crush,,9,0.3333333333333333,8.0,Louisville,KY
50,2025,33,108676,108676.0,Soft Drink,Crush,,5,0.25,8.0,Louisville,KY
50,2025,34,108676,108676.0,Soft Drink,Crush,,10,0.3,8.0,Louisville,KY
50,2025,35,108676,108676.0,Soft Drink,Crush,,17,0.1875,8.0,Louisville,KY
50,2025,36,108676,108676.0,Soft Drink,Crush,,10,0.125,9.0,Louisville,KY
50,2025,37,108676,108676.0,Soft Drink,Crush,,19,0.5,9.0,Louisville,KY
50,2025,38,108676,108676.0,Soft Drink,Crush,,12,0.2,9.0,Louisville,KY
50,2025,39,108676,108676.0,Soft Drink,Crush,,17,0.3076923076923077,9.0,Louisville,KY
50,2025,40,108676,108676.0,Soft Drink,Crush,,16,0.35714285714285715,9.642857142857142,Louisville,KY
50,2025,41,108676,108676.0,Soft Drink,Crush,,16,0.5,10.0,Louisville,KY
50,2025,42,108676,108676.0,Soft Drink,Crush,,13,0.16666666666666666,10.0,Louisville,KY
50,2025,43,108676,108676.0,Soft Drink,Crush,,14,0.3076923076923077,10.0,Louisville,KY
50,2025,27,108690,108690.0,Soft Drink,Pepsi,,2,0.5,7.0,Louisville,KY
50,2025,28,108690,108690.0,Soft Drink,Pepsi,,3,0.0,7.0,Louisville,KY
50,2025,29,108690,108690.0,Soft Drink,Pepsi,,4,0.5,7.0,Louisville,KY
50,2025,30,108690,108690.0,Soft Drink,Pepsi,,2,0.0,7.0,Louisville,KY
50,2025,31,108690,108690.0,Soft Drink,Pepsi,,8,0.2857142857142857,7.428571428571429,Louisville,KY
50,2025,32,108690,108690.0,Soft Drink,Pepsi,,7,0.2857142857142857,8.0,Louisville,KY
50,2025,33,108690,108690.0,Soft Drink,Pepsi,,6,0.2,8.0,Louisville,KY
50,2025,34,108690,108690.0,Soft Drink,Pepsi,,3,0.6666666666666666,8.0,Louisville,KY
50,2025,35,108690,108690.0,Soft Drink,Pepsi,,7,0.3333333333333333,8.0,Louisville,KY
50,2025,36,108690,108690.0,Soft Drink,Pepsi,,10,0.3,9.0,Louisville,KY
50,2025,37,108690,108690.0,Soft Drink,Pepsi,,14,0.25,9.0,Louisville,KY
50,2025,38,108690,108690.0,Soft Drink,Pepsi,,18,0.1875,9.0,Louisville,KY
50,2025,39,108690,108690.0,Soft Drink,Pepsi,,11,0.36363636363636365,9.0,Louisville,KY
50,2025,40,108690,108690.0,Soft Drink,Pepsi,,5,1.0,10.0,Louisville,KY
50,2025,41,108690,108690.0,Soft Drink,Pepsi,,5,0.2,10.0,Louisville,KY
50,2025,42,108690,108690.0,Soft Drink,Pepsi,,15,0.36363636363636365,10.0,Louisville,KY
50,2025,43,108690,108690.0,Soft Drink,Pepsi,,11,0.36363636363636365,10.0,Louisville,KY
50,2025,27,112401,112401.0,Add-On,Add-On,,41,0.6521739130434783,7.0,Louisville,KY
50,2025,28,112401,112401.0,Add-On,Add-On,,34,0.42105263157894735,7.0,Louisville,KY
50,2025,29,112401,112401.0,Add-On,Add-On,,31,0.15384615384615385,7.0,Louisville,KY
50,2025,30,112401,112401.0,Add-On,Add-On,,38,0.35294117647058826,7.0,Louisville,KY
50,2025,31,112401,112401.0,Add-On,Add-On,,45,0.42857142857142855,7.619047619047619,Louisville,KY
50,2025,32,112401,112401.0,Add-On,Add-On,,31,0.375,8.0,Louisville,KY
50,2025,33,112401,112401.0,Add-On,Add-On,,47,0.21739130434782608,8.0,Louisville,KY
50,2025,34,112401,112401.0,Add-On,Add-On,,35,0.5294117647058824,8.0,Louisville,KY
50,2025,35,112401,112401.0,Add-On,Add-On,,49,0.43478260869565216,8.0,Louisville,KY
50,2025,36,112401,112401.0,Add-On,Add-On,,35,0.3157894736842105,9.0,Louisville,KY
50,2025,37,112401,112401.0,Add-On,Add-On,,29,0.3181818181818182,9.0,Louisville,KY
50,2025,38,112401,112401.0,Add-On,Add-On,,58,0.3448275862068966,9.0,Louisville,KY
50,2025,39,112401,112401.0,Add-On,Add-On,,70,0.4117647058823529,9.0,Louisville,KY
50,2025,40,112401,112401.0,Add-On,Add-On,,37,0.24,9.76,Louisville,KY
50,2025,41,112401,112401.0,Add-On,Add-On,,35,0.29411764705882354,10.0,Louisville,KY
50,2025,42,112401,112401.0,Add-On,Add-On,,60,0.38095238095238093,10.0,Louisville,KY
50,2025,43,112401,112401.0,Add-On,Add-On,,45,0.5555555555555556,10.0,Louisville,KY
50,2025,27,112403,112403.0,Add-On,Add-On,,1,1.0,7.0,Louisville,KY
50,2025,29,112403,112403.0,Add-On,Add-On,,1,1.0,7.0,Louisville,KY
50,2025,30,112403,112403.0,Add-On,Add-On,,1,1.0,7.0,Louisville,KY
50,2025,31,112403,112403.0,Add-On,Add-On,,1,0.0,7.0,Louisville,KY
50,2025,32,112403,112403.0,Add-On,Add-On,,3,0.5,8.0,Louisville,KY
50,2025,34,112403,112403.0,Add-On,Add-On,,4,0.6666666666666666,8.0,Louisville,KY
50,2025,35,112403,112403.0,Add-On,Add-On,,3,0.5,8.0,Louisville,KY
50,2025,36,112403,112403.0,Add-On,Add-On,,2,0.0,9.0,Louisville,KY
50,2025,37,112403,112403.0,Add-On,Add-On,,2,0.5,9.0,Louisville,KY
50,2025,38,112403,112403.0,Add-On,Add-On,,2,1.0,9.0,Louisville,KY
50,2025,27,112405,112405.0,Seasoning Packet,Seasoning Packet,,5,0.5,7.0,Louisville,KY
50,2025,28,112405,112405.0,Seasoning Packet,Seasoning Packet,,11,0.8333333333333334,7.0,Louisville,KY
50,2025,29,112405,112405.0,Seasoning Packet,Seasoning Packet,,8,0.0,7.0,Louisville,KY
50,2025,30,112405,112405.0,Seasoning Packet,Seasoning Packet,,19,0.4,7.0,Louisville,KY
50,2025,31,112405,112405.0,Seasoning Packet,Seasoning Packet,,2,0.0,7.0,Louisville,KY
50,2025,32,112405,112405.0,Seasoning Packet,Seasoning Packet,,10,0.2857142857142857,8.0,Louisville,KY
50,2025,33,112405,112405.0,Seasoning Packet,Seasoning Packet,,9,0.0,8.0,Louisville,KY
50,2025,34,112405,112405.0,Seasoning Packet,Seasoning Packet,,14,0.42857142857142855,8.0,Louisville,KY
50,2025,35,112405,112405.0,Seasoning Packet,Seasoning Packet,,7,0.5,8.0,Louisville,KY
50,2025,36,112405,112405.0,Seasoning Packet,Seasoning Packet,,7,0.8,9.0,Louisville,KY
50,2025,37,112405,112405.0,Seasoning Packet,Seasoning Packet,,4,0.3333333333333333,9.0,Louisville,KY
50,2025,38,112405,112405.0,Seasoning Packet,Seasoning Packet,,18,0.125,9.0,Louisville,KY
50,2025,39,112405,112405.0,Seasoning Packet,Seasoning Packet,,12,0.375,9.0,Louisville,KY
50,2025,40,112405,112405.0,Seasoning Packet,Seasoning Packet,,10,0.8,9.8,Louisville,KY
50,2025,41,112405,112405.0,Seasoning Packet,Seasoning Packet,,8,0.2,10.0,Louisville,KY
50,2025,42,112405,112405.0,Seasoning Packet,Seasoning Packet,,6,0.0,10.0,Louisville,KY
50,2025,43,112405,112405.0,Seasoning Packet,Seasoning Packet,,3,0.0,10.0,Louisville,KY
50,2025,27,112407,112407.0,Seasoning Packet,Seasoning Packet,,5,0.0,7.0,Louisville,KY
50,2025,28,112407,112407.0,Seasoning Packet,Seasoning Packet,,7,0.3333333333333333,7.0,Louisville,KY
50,2025,29,112407,112407.0,Seasoning Packet,Seasoning Packet,,8,0.0,7.0,Louisville,KY
50,2025,30,112407,112407.0,Seasoning Packet,Seasoning Packet,,22,0.4,7.0,Louisville,KY
50,2025,31,112407,112407.0,Seasoning Packet,Seasoning Packet,,9,0.2,7.4,Louisville,KY
50,2025,32,112407,112407.0,Seasoning Packet,Seasoning Packet,,4,0.3333333333333333,8.0,Louisville,KY
50,2025,33,112407,112407.0,Seasoning Packet,Seasoning Packet,,11,0.5,8.0,Louisville,KY
50,2025,34,112407,112407.0,Seasoning Packet,Seasoning Packet,,2,1.0,8.0,Louisville,KY
50,2025,35,112407,112407.0,Seasoning Packet,Seasoning Packet,,6,1.0,8.0,Louisville,KY
50,2025,36,112407,112407.0,Seasoning Packet,Seasoning Packet,,1,1.0,9.0,Louisville,KY
50,2025,37,112407,112407.0,Seasoning Packet,Seasoning Packet,,6,0.0,9.0,Louisville,KY
50,2025,38,112407,112407.0,Seasoning Packet,Seasoning Packet,,5,0.3333333333333333,9.0,Louisville,KY
50,2025,39,112407,112407.0,Seasoning Packet,Seasoning Packet,,6,0.3333333333333333,9.0,Louisville,KY
50,2025,40,112407,112407.0,Seasoning Packet,Seasoning Packet,,3,0.5,9.5,Louisville,KY
50,2025,41,112407,112407.0,Seasoning Packet,Seasoning Packet,,7,0.25,10.0,Louisville,KY
50,2025,42,112407,112407.0,Seasoning Packet,Seasoning Packet,,3,0.0,10.0,Louisville,KY
50,2025,43,112407,112407.0,Seasoning Packet,Seasoning Packet,,5,0.0,10.0,Louisville,KY
50,2025,38,1153282,1153282.0,Dipping Sauce,Dipping Sauce,,19,0.3157894736842105,9.0,Louisville,KY
50,2025,39,1153282,1153282.0,Dipping Sauce,Dipping Sauce,,25,0.2727272727272727,9.0,Louisville,KY
50,2025,40,1153282,1153282.0,Dipping Sauce,Dipping Sauce,,18,0.4444444444444444,9.833333333333334,Louisville,KY
50,2025,41,1153282,1153282.0,Dipping Sauce,Dipping Sauce,,14,0.42857142857142855,10.0,Louisville,KY
50,2025,42,1153282,1153282.0,Dipping Sauce,Dipping Sauce,,8,0.5,10.0,Louisville,KY
50,2025,43,1153282,1153282.0,Dipping Sauce,Dipping Sauce,,12,0.1,10.0,Louisville,KY
50,2025,38,1166861,1166861.0,Papa Dippa,Papa Dippa,,47,0.3617021276595745,9.0,Louisville,KY
50,2025,39,1166861,1166861.0,Papa Dippa,Papa Dippa,,64,0.375,9.0,Louisville,KY
50,2025,40,1166861,1166861.0,Papa Dippa,Papa Dippa,,57,0.2982456140350877,9.631578947368421,Louisville,KY
50,2025,41,1166861,1166861.0,Papa Dippa,Papa Dippa,,14,0.21428571428571427,10.0,Louisville,KY
50,2025,42,1166861,1166861.0,Papa Dippa,Papa Dippa,,25,0.4166666666666667,10.0,Louisville,KY
50,2025,43,1166861,1166861.0,Papa Dippa,Papa Dippa,,22,0.4090909090909091,10.0,Louisville,KY
50,2025,28,127449,127449.0,Philly Cheesesteak,Original,10.0,1,0.0,7.0,Louisville,KY
50,2025,31,127449,127449.0,Philly Cheesesteak,Original,10.0,1,0.0,8.0,Louisville,KY
50,2025,32,127449,127449.0,Philly Cheesesteak,Original,10.0,2,0.0,8.0,Louisville,KY
50,2025,33,127449,127449.0,Philly Cheesesteak,Original,10.0,2,0.0,8.0,Louisville,KY
50,2025,34,127449,127449.0,Philly Cheesesteak,Original,10.0,1,0.0,8.0,Louisville,KY
50,2025,35,127449,127449.0,Philly Cheesesteak,Original,10.0,4,0.25,8.0,Louisville,KY
50,2025,36,127449,127449.0,Philly Cheesesteak,Original,10.0,1,0.0,9.0,Louisville,KY
50,2025,37,127449,127449.0,Philly Cheesesteak,Original,10.0,1,0.0,9.0,Louisville,KY
50,2025,38,127449,127449.0,Philly Cheesesteak,Original,10.0,2,0.0,9.0,Louisville,KY
50,2025,40,127449,127449.0,Philly Cheesesteak,Original,10.0,4,0.25,10.0,Louisville,KY
50,2025,41,127449,127449.0,Philly Cheesesteak,Original,10.0,2,0.0,10.0,Louisville,KY
50,2025,27,127450,127450.0,Philly Cheesesteak,Original,12.0,3,0.3333333333333333,7.0,Louisville,KY
50,2025,28,127450,127450.0,Philly Cheesesteak,Original,12.0,1,0.0,7.0,Louisville,KY
50,2025,32,127450,127450.0,Philly Cheesesteak,Original,12.0,1,0.0,8.0,Louisville,KY
50,2025,38,127450,127450.0,Philly Cheesesteak,Original,12.0,3,0.3333333333333333,9.0,Louisville,KY
50,2025,39,127450,127450.0,Philly Cheesesteak,Original,12.0,1,0.0,9.0,Louisville,KY
50,2025,27,127451,127451.0,Philly Cheesesteak,Original,14.0,3,0.3333333333333333,7.0,Louisville,KY
50,2025,28,127451,127451.0,Philly Cheesesteak,Original,14.0,5,0.0,7.0,Louisville,KY
50,2025,29,127451,127451.0,Philly Cheesesteak,Original,14.0,6,0.3333333333333333,7.0,Louisville,KY
50,2025,30,127451,127451.0,Philly Cheesesteak,Original,14.0,5,0.4,7.0,Louisville,KY
50,2025,31,127451,127451.0,Philly Cheesesteak,Original,14.0,5,0.6,7.6,Louisville,KY
50,2025,32,127451,127451.0,Philly Cheesesteak,Original,14.0,7,0.42857142857142855,8.0,Louisville,KY
50,2025,33,127451,127451.0,Philly Cheesesteak,Original,14.0,3,0.3333333333333333,8.0,Louisville,KY
50,2025,34,127451,127451.0,Philly Cheesesteak,Original,14.0,7,0.5714285714285714,8.0,Louisville,KY
50,2025,35,127451,127451.0,Philly Cheesesteak,Original,14.0,3,0.0,8.0,Louisville,KY
50,2025,36,127451,127451.0,Philly Cheesesteak,Original,14.0,2,0.0,9.0,Louisville,KY
50,2025,37,127451,127451.0,Philly Cheesesteak,Original,14.0,7,0.42857142857142855,9.0,Louisville,KY
50,2025,38,127451,127451.0,Philly Cheesesteak,Original,14.0,8,0.375,9.0,Louisville,KY
50,2025,39,127451,127451.0,Philly Cheesesteak,Original,14.0,2,0.0,9.0,Louisville,KY
50,2025,40,127451,127451.0,Philly Cheesesteak,Original,14.0,6,0.5,10.0,Louisville,KY
50,2025,41,127451,127451.0,Philly Cheesesteak,Original,14.0,9,0.2222222222222222,10.0,Louisville,KY
50,2025,43,127451,127451.0,Philly Cheesesteak,Original,14.0,10,0.4,10.0,Louisville,KY
50,2025,28,127452,127452.0,Philly Cheesesteak,Original,16.0,1,0.0,7.0,Louisville,KY
50,2025,29,127452,127452.0,Philly Cheesesteak,Original,16.0,1,0.0,7.0,Louisville,KY
50,2025,31,127452,127452.0,Philly Cheesesteak,Original,16.0,1,0.0,7.0,Louisville,KY
50,2025,34,127452,127452.0,Philly Cheesesteak,Original,16.0,1,1.0,8.0,Louisville,KY
50,2025,37,127452,127452.0,Philly Cheesesteak,Original,16.0,2,0.0,9.0,Louisville,KY
50,2025,38,127452,127452.0,Philly Cheesesteak,Original,16.0,1,1.0,9.0,Louisville,KY
50,2025,29,127455,127455.0,Philly Cheesesteak,Thin,14.0,2,1.0,7.0,Louisville,KY
50,2025,33,127455,127455.0,Philly Cheesesteak,Thin,14.0,1,1.0,8.0,Louisville,KY
50,2025,37,127455,127455.0,Philly Cheesesteak,Thin,14.0,1,1.0,9.0,Louisville,KY
50,2025,40,127455,127455.0,Philly Cheesesteak,Thin,14.0,1,0.0,10.0,Louisville,KY
50,2025,41,127455,127455.0,Philly Cheesesteak,Thin,14.0,1,0.0,10.0,Louisville,KY
50,2025,43,127455,127455.0,Philly Cheesesteak,Thin,14.0,1,0.0,10.0,Louisville,KY
50,2025,27,127604,127604.0,Super Hawaiian,Gluten Free,10.0,1,1.0,7.0,Louisville,KY
50,2025,28,127609,127609.0,Super Hawaiian,Original,10.0,2,0.5,7.0,Louisville,KY
50,2025,29,127609,127609.0,Super Hawaiian,Original,10.0,6,0.3333333333333333,7.0,Louisville,KY
50,2025,30,127609,127609.0,Super Hawaiian,Original,10.0,1,1.0,7.0,Louisville,KY
50,2025,31,127609,127609.0,Super Hawaiian,Original,10.0,2,0.5,7.5,Louisville,KY
50,2025,32,127609,127609.0,Super Hawaiian,Original,10.0,1,1.0,8.0,Louisville,KY
50,2025,33,127609,127609.0,Super Hawaiian,Original,10.0,1,1.0,8.0,Louisville,KY
50,2025,34,127609,127609.0,Super Hawaiian,Original,10.0,1,0.0,8.0,Louisville,KY
50,2025,35,127609,127609.0,Super Hawaiian,Original,10.0,2,0.0,8.0,Louisville,KY
50,2025,36,127609,127609.0,Super Hawaiian,Original,10.0,1,1.0,9.0,Louisville,KY
50,2025,37,127609,127609.0,Super Hawaiian,Original,10.0,3,0.3333333333333333,9.0,Louisville,KY
50,2025,38,127609,127609.0,Super Hawaiian,Original,10.0,4,0.0,9.0,Louisville,KY
50,2025,39,127609,127609.0,Super Hawaiian,Original,10.0,1,1.0,9.0,Louisville,KY
50,2025,27,127610,127610.0,Super Hawaiian,Original,12.0,2,0.5,7.0,Louisville,KY
50,2025,28,127610,127610.0,Super Hawaiian,Original,12.0,3,0.3333333333333333,7.0,Louisville,KY
50,2025,29,127610,127610.0,Super Hawaiian,Original,12.0,2,1.0,7.0,Louisville,KY
50,2025,30,127610,127610.0,Super Hawaiian,Original,12.0,2,0.5,7.0,Louisville,KY
50,2025,31,127610,127610.0,Super Hawaiian,Original,12.0,2,0.5,7.5,Louisville,KY
50,2025,32,127610,127610.0,Super Hawaiian,Original,12.0,1,0.0,8.0,Louisville,KY
50,2025,33,127610,127610.0,Super Hawaiian,Original,12.0,2,0.0,8.0,Louisville,KY
50,2025,35,127610,127610.0,Super Hawaiian,Original,12.0,4,0.5,8.0,Louisville,KY
50,2025,36,127610,127610.0,Super Hawaiian,Original,12.0,3,1.0,9.0,Louisville,KY
50,2025,37,127610,127610.0,Super Hawaiian,Original,12.0,3,0.6666666666666666,9.0,Louisville,KY
50,2025,38,127610,127610.0,Super Hawaiian,Original,12.0,3,0.3333333333333333,9.0,Louisville,KY
50,2025,39,127610,127610.0,Super Hawaiian,Original,12.0,2,0.0,9.0,Louisville,KY
50,2025,40,127610,127610.0,Super Hawaiian,Original,12.0,4,1.0,10.0,Louisville,KY
50,2025,41,127610,127610.0,Super Hawaiian,Original,12.0,1,0.0,10.0,Louisville,KY
50,2025,42,127610,127610.0,Super Hawaiian,Original,12.0,2,0.5,10.0,Louisville,KY
50,2025,43,127610,127610.0,Super Hawaiian,Original,12.0,3,0.6666666666666666,10.0,Louisville,KY
50,2025,27,127611,127611.0,Super Hawaiian,Original,14.0,12,0.3333333333333333,7.0,Louisville,KY
50,2025,28,127611,127611.0,Super Hawaiian,Original,14.0,8,0.0,7.0,Louisville,KY
50,2025,29,127611,127611.0,Super Hawaiian,Original,14.0,21,0.38095238095238093,7.0,Louisville,KY
50,2025,30,127611,127611.0,Super Hawaiian,Original,14.0,12,0.3333333333333333,7.0,Louisville,KY
50,2025,31,127611,127611.0,Super Hawaiian,Original,14.0,14,0.35714285714285715,7.714285714285714,Louisville,KY
50,2025,32,127611,127611.0,Super Hawaiian,Original,14.0,9,0.5555555555555556,8.0,Louisville,KY
50,2025,33,127611,127611.0,Super Hawaiian,Original,14.0,20,0.45,8.0,Louisville,KY
50,2025,34,127611,127611.0,Super Hawaiian,Original,14.0,9,0.5,8.0,Louisville,KY
50,2025,35,127611,127611.0,Super Hawaiian,Original,14.0,8,0.25,8.0,Louisville,KY
50,2025,36,127611,127611.0,Super Hawaiian,Original,14.0,7,0.42857142857142855,9.0,Louisville,KY
50,2025,37,127611,127611.0,Super Hawaiian,Original,14.0,12,0.4166666666666667,9.0,Louisville,KY
50,2025,38,127611,127611.0,Super Hawaiian,Original,14.0,13,0.23076923076923078,9.0,Louisville,KY
50,2025,39,127611,127611.0,Super Hawaiian,Original,14.0,11,0.7272727272727273,9.0,Louisville,KY
50,2025,40,127611,127611.0,Super Hawaiian,Original,14.0,15,0.3333333333333333,9.733333333333333,Louisville,KY
50,2025,41,127611,127611.0,Super Hawaiian,Original,14.0,19,0.3333333333333333,10.0,Louisville,KY
50,2025,42,127611,127611.0,Super Hawaiian,Original,14.0,12,0.4166666666666667,10.0,Louisville,KY
50,2025,43,127611,127611.0,Super Hawaiian,Original,14.0,13,0.7692307692307693,10.0,Louisville,KY
50,2025,27,127612,127612.0,Super Hawaiian,Original,16.0,1,1.0,7.0,Louisville,KY
50,2025,28,127612,127612.0,Super Hawaiian,Original,16.0,4,0.25,7.0,Louisville,KY
50,2025,36,127612,127612.0,Super Hawaiian,Original,16.0,1,1.0,9.0,Louisville,KY
50,2025,37,127612,127612.0,Super Hawaiian,Original,16.0,1,0.0,9.0,Louisville,KY
50,2025,38,127612,127612.0,Super Hawaiian,Original,16.0,3,0.6666666666666666,9.0,Louisville,KY
50,2025,27,127614,127614.0,Super Hawaiian,Thin,14.0,2,0.5,7.0,Louisville,KY
50,2025,28,127614,127614.0,Super Hawaiian,Thin,14.0,2,0.5,7.0,Louisville,KY
50,2025,29,127614,127614.0,Super Hawaiian,Thin,14.0,1,0.0,7.0,Louisville,KY
50,2025,30,127614,127614.0,Super Hawaiian,Thin,14.0,4,0.25,7.0,Louisville,KY
50,2025,31,127614,127614.0,Super Hawaiian,Thin,14.0,2,0.5,8.0,Louisville,KY
50,2025,32,127614,127614.0,Super Hawaiian,Thin,14.0,2,0.5,8.0,Louisville,KY
50,2025,35,127614,127614.0,Super Hawaiian,Thin,14.0,4,0.0,8.0,Louisville,KY
50,2025,38,127614,127614.0,Super Hawaiian,Thin,14.0,1,0.0,9.0,Louisville,KY
50,2025,39,127614,127614.0,Super Hawaiian,Thin,14.0,4,0.5,9.0,Louisville,KY
50,2025,40,127614,127614.0,Super Hawaiian,Thin,14.0,2,0.5,10.0,Louisville,KY
50,2025,41,127614,127614.0,Super Hawaiian,Thin,14.0,1,0.0,10.0,Louisville,KY
50,2025,43,127614,127614.0,Super Hawaiian,Thin,14.0,2,0.0,10.0,Louisville,KY
50,2025,31,127618,127618.0,Ultimate Pepperoni,Original,10.0,1,0.0,7.0,Louisville,KY
50,2025,33,127618,127618.0,Ultimate Pepperoni,Original,10.0,1,0.0,8.0,Louisville,KY
50,2025,27,127619,127619.0,Ultimate Pepperoni,Original,12.0,2,0.0,7.0,Louisville,KY
50,2025,28,127619,127619.0,Ultimate Pepperoni,Original,12.0,2,0.5,7.0,Louisville,KY
50,2025,32,127619,127619.0,Ultimate Pepperoni,Original,12.0,1,0.0,8.0,Louisville,KY
50,2025,34,127619,127619.0,Ultimate Pepperoni,Original,12.0,2,0.5,8.0,Louisville,KY
50,2025,37,127619,127619.0,Ultimate Pepperoni,Original,12.0,1,0.0,9.0,Louisville,KY
50,2025,39,127619,127619.0,Ultimate Pepperoni,Original,12.0,2,0.0,9.0,Louisville,KY
50,2025,43,127619,127619.0,Ultimate Pepperoni,Original,12.0,2,0.0,10.0,Louisville,KY
50,2025,28,127620,127620.0,Ultimate Pepperoni,Original,14.0,5,0.0,7.0,Louisville,KY
50,2025,29,127620,127620.0,Ultimate Pepperoni,Original,14.0,10,0.2,7.0,Louisville,KY
50,2025,30,127620,127620.0,Ultimate Pepperoni,Original,14.0,13,0.23076923076923078,7.0,Louisville,KY
50,2025,31,127620,127620.0,Ultimate Pepperoni,Original,14.0,4,0.5,7.5,Louisville,KY
50,2025,32,127620,127620.0,Ultimate Pepperoni,Original,14.0,5,0.4,8.0,Louisville,KY
50,2025,33,127620,127620.0,Ultimate Pepperoni,Original,14.0,8,0.5,8.0,Louisville,KY
50,2025,34,127620,127620.0,Ultimate Pepperoni,Original,14.0,4,0.5,8.0,Louisville,KY
50,2025,35,127620,127620.0,Ultimate Pepperoni,Original,14.0,2,0.5,8.0,Louisville,KY
50,2025,36,127620,127620.0,Ultimate Pepperoni,Original,14.0,1,0.0,9.0,Louisville,KY
50,2025,37,127620,127620.0,Ultimate Pepperoni,Original,14.0,7,0.7142857142857143,9.0,Louisville,KY
50,2025,38,127620,127620.0,Ultimate Pepperoni,Original,14.0,8,0.375,9.0,Louisville,KY
50,2025,40,127620,127620.0,Ultimate Pepperoni,Original,14.0,2,0.5,9.5,Louisville,KY
50,2025,41,127620,127620.0,Ultimate Pepperoni,Original,14.0,11,0.3,10.0,Louisville,KY
50,2025,42,127620,127620.0,Ultimate Pepperoni,Original,14.0,1,1.0,10.0,Louisville,KY
50,2025,43,127620,127620.0,Ultimate Pepperoni,Original,14.0,7,0.7142857142857143,10.0,Louisville,KY
50,2025,34,127621,127621.0,Ultimate Pepperoni,Original,16.0,1,1.0,8.0,Louisville,KY
50,2025,35,127621,127621.0,Ultimate Pepperoni,Original,16.0,1,1.0,8.0,Louisville,KY
50,2025,36,127621,127621.0,Ultimate Pepperoni,Original,16.0,1,1.0,9.0,Louisville,KY
50,2025,38,127621,127621.0,Ultimate Pepperoni,Original,16.0,2,1.0,9.0,Louisville,KY
50,2025,39,127621,127621.0,Ultimate Pepperoni,Original,16.0,1,1.0,9.0,Louisville,KY
50,2025,40,127621,127621.0,Ultimate Pepperoni,Original,16.0,1,1.0,10.0,Louisville,KY
50,2025,28,127623,127623.0,Ultimate Pepperoni,Thin,14.0,1,0.0,7.0,Louisville,KY
50,2025,29,127623,127623.0,Ultimate Pepperoni,Thin,14.0,1,1.0,7.0,Louisville,KY
50,2025,32,127623,127623.0,Ultimate Pepperoni,Thin,14.0,1,1.0,8.0,Louisville,KY
50,2025,35,127623,127623.0,Ultimate Pepperoni,Thin,14.0,1,1.0,8.0,Louisville,KY
50,2025,38,127623,127623.0,Ultimate Pepperoni,Thin,14.0,5,0.8,9.0,Louisville,KY
50,2025,41,127623,127623.0,Ultimate Pepperoni,Thin,14.0,1,0.0,10.0,Louisville,KY
50,2025,28,127642,127642.0,Fiery Buffalo Chicken,Gluten Free,10.0,1,0.0,7.0,Louisville,KY
50,2025,27,127645,127645.0,Fiery Buffalo Chicken,Original,10.0,1,0.0,7.0,Louisville,KY
50,2025,28,127645,127645.0,Fiery Buffalo Chicken,Original,10.0,5,0.2,7.0,Louisville,KY
50,2025,30,127645,127645.0,Fiery Buffalo Chicken,Original,10.0,1,0.0,7.0,Louisville,KY
50,2025,32,127645,127645.0,Fiery Buffalo Chicken,Original,10.0,1,0.0,8.0,Louisville,KY
50,2025,35,127645,127645.0,Fiery Buffalo Chicken,Original,10.0,1,0.0,8.0,Louisville,KY
50,2025,36,127645,127645.0,Fiery Buffalo Chicken,Original,10.0,3,0.3333333333333333,9.0,Louisville,KY
50,2025,38,127645,127645.0,Fiery Buffalo Chicken,Original,10.0,1,1.0,9.0,Louisville,KY
50,2025,42,127645,127645.0,Fiery Buffalo Chicken,Original,10.0,1,0.0,10.0,Louisville,KY
50,2025,43,127645,127645.0,Fiery Buffalo Chicken,Original,10.0,2,0.0,10.0,Louisville,KY
50,2025,27,127646,127646.0,Fiery Buffalo Chicken,Original,12.0,1,0.0,7.0,Louisville,KY
50,2025,31,127646,127646.0,Fiery Buffalo Chicken,Original,12.0,1,1.0,8.0,Louisville,KY
50,2025,33,127646,127646.0,Fiery Buffalo Chicken,Original,12.0,1,1.0,8.0,Louisville,KY
50,2025,34,127646,127646.0,Fiery Buffalo Chicken,Original,12.0,1,0.0,8.0,Louisville,KY
50,2025,35,127646,127646.0,Fiery Buffalo Chicken,Original,12.0,2,0.0,8.0,Louisville,KY
50,2025,38,127646,127646.0,Fiery Buffalo Chicken,Original,12.0,1,0.0,9.0,Louisville,KY
50,2025,40,127646,127646.0,Fiery Buffalo Chicken,Original,12.0,1,0.0,9.0,Louisville,KY
50,2025,27,127647,127647.0,Fiery Buffalo Chicken,Original,14.0,2,0.5,7.0,Louisville,KY
50,2025,28,127647,127647.0,Fiery Buffalo Chicken,Original,14.0,7,0.5,7.0,Louisville,KY
50,2025,29,127647,127647.0,Fiery Buffalo Chicken,Original,14.0,4,0.25,7.0,Louisville,KY
50,2025,30,127647,127647.0,Fiery Buffalo Chicken,Original,14.0,4,0.75,7.0,Louisville,KY
50,2025,31,127647,127647.0,Fiery Buffalo Chicken,Original,14.0,6,0.5,7.666666666666667,Louisville,KY
50,2025,32,127647,127647.0,Fiery Buffalo Chicken,Original,14.0,4,0.75,8.0,Louisville,KY
50,2025,33,127647,127647.0,Fiery Buffalo Chicken,Original,14.0,3,0.3333333333333333,8.0,Louisville,KY
50,2025,34,127647,127647.0,Fiery Buffalo Chicken,Original,14.0,1,0.0,8.0,Louisville,KY
50,2025,35,127647,127647.0,Fiery Buffalo Chicken,Original,14.0,2,0.0,8.0,Louisville,KY
50,2025,36,127647,127647.0,Fiery Buffalo Chicken,Original,14.0,1,1.0,9.0,Louisville,KY
50,2025,37,127647,127647.0,Fiery Buffalo Chicken,Original,14.0,3,0.3333333333333333,9.0,Louisville,KY
50,2025,38,127647,127647.0,Fiery Buffalo Chicken,Original,14.0,5,0.0,9.0,Louisville,KY
50,2025,39,127647,127647.0,Fiery Buffalo Chicken,Original,14.0,5,0.4,9.0,Louisville,KY
50,2025,40,127647,127647.0,Fiery Buffalo Chicken,Original,14.0,5,0.2,10.0,Louisville,KY
50,2025,41,127647,127647.0,Fiery Buffalo Chicken,Original,14.0,5,0.8,10.0,Louisville,KY
50,2025,42,127647,127647.0,Fiery Buffalo Chicken,Original,14.0,4,1.0,10.0,Louisville,KY
50,2025,43,127647,127647.0,Fiery Buffalo Chicken,Original,14.0,3,0.3333333333333333,10.0,Louisville,KY
50,2025,27,127648,127648.0,Fiery Buffalo Chicken,Original,16.0,2,1.0,7.0,Louisville,KY
50,2025,30,127648,127648.0,Fiery Buffalo Chicken,Original,16.0,3,0.0,7.0,Louisville,KY
50,2025,31,127648,127648.0,Fiery Buffalo Chicken,Original,16.0,3,0.0,7.5,Louisville,KY
50,2025,32,127648,127648.0,Fiery Buffalo Chicken,Original,16.0,1,0.0,8.0,Louisville,KY
50,2025,33,127648,127648.0,Fiery Buffalo Chicken,Original,16.0,1,1.0,8.0,Louisville,KY
50,2025,28,127650,127650.0,Fiery Buffalo Chicken,Thin,14.0,1,1.0,7.0,Louisville,KY
50,2025,33,127650,127650.0,Fiery Buffalo Chicken,Thin,14.0,1,1.0,8.0,Louisville,KY
50,2025,34,127650,127650.0,Fiery Buffalo Chicken,Thin,14.0,1,0.0,8.0,Louisville,KY
50,2025,43,127650,127650.0,Fiery Buffalo Chicken,Thin,14.0,2,0.5,10.0,Louisville,KY
50,2025,27,155678,155678.0,Papadia,Papadia,,6,0.8333333333333334,7.0,Louisville,KY
50,2025,28,155678,155678.0,Papadia,Papadia,,5,0.2,7.0,Louisville,KY
50,2025,29,155678,155678.0,Papadia,Papadia,,4,0.0,7.0,Louisville,KY
50,2025,30,155678,155678.0,Papadia,Papadia,,8,0.25,7.0,Louisville,KY
50,2025,31,155678,155678.0,Papadia,Papadia,,8,0.14285714285714285,7.571428571428571,Louisville,KY
50,2025,32,155678,155678.0,Papadia,Papadia,,10,0.3333333333333333,8.0,Louisville,KY
50,2025,33,155678,155678.0,Papadia,Papadia,,11,0.2727272727272727,8.0,Louisville,KY
50,2025,34,155678,155678.0,Papadia,Papadia,,6,0.6666666666666666,8.0,Louisville,KY
50,2025,35,155678,155678.0,Papadia,Papadia,,2,0.5,8.0,Louisville,KY
50,2025,36,155678,155678.0,Papadia,Papadia,,7,0.14285714285714285,9.0,Louisville,KY
50,2025,37,155678,155678.0,Papadia,Papadia,,15,0.6,9.0,Louisville,KY
50,2025,38,155678,155678.0,Papadia,Papadia,,5,0.4,9.0,Louisville,KY
50,2025,39,155678,155678.0,Papadia,Papadia,,10,0.1,9.0,Louisville,KY
50,2025,40,155678,155678.0,Papadia,Papadia,,7,0.5714285714285714,9.857142857142858,Louisville,KY
50,2025,41,155678,155678.0,Papadia,Papadia,,3,0.3333333333333333,10.0,Louisville,KY
50,2025,42,155678,155678.0,Papadia,Papadia,,4,0.5,10.0,Louisville,KY
50,2025,43,155678,155678.0,Papadia,Papadia,,11,0.45454545454545453,10.0,Louisville,KY
50,2025,27,155681,155681.0,Papadia,Papadia,,2,0.0,7.0,Louisville,KY
50,2025,28,155681,155681.0,Papadia,Papadia,,3,0.6666666666666666,7.0,Louisville,KY
50,2025,29,155681,155681.0,Papadia,Papadia,,4,0.25,7.0,Louisville,KY
50,2025,30,155681,155681.0,Papadia,Papadia,,2,0.0,7.0,Louisville,KY
50,2025,31,155681,155681.0,Papadia,Papadia,,3,0.0,7.0,Louisville,KY
50,2025,32,155681,155681.0,Papadia,Papadia,,2,0.0,8.0,Louisville,KY
50,2025,33,155681,155681.0,Papadia,Papadia,,3,0.3333333333333333,8.0,Louisville,KY
50,2025,34,155681,155681.0,Papadia,Papadia,,5,0.2,8.0,Louisville,KY
50,2025,35,155681,155681.0,Papadia,Papadia,,3,0.6666666666666666,8.0,Louisville,KY
50,2025,36,155681,155681.0,Papadia,Papadia,,2,0.0,9.0,Louisville,KY
50,2025,37,155681,155681.0,Papadia,Papadia,,3,0.3333333333333333,9.0,Louisville,KY
50,2025,38,155681,155681.0,Papadia,Papadia,,5,0.2,9.0,Louisville,KY
50,2025,39,155681,155681.0,Papadia,Papadia,,3,0.0,9.0,Louisville,KY
50,2025,40,155681,155681.0,Papadia,Papadia,,8,0.25,9.5,Louisville,KY
50,2025,41,155681,155681.0,Papadia,Papadia,,9,0.25,10.0,Louisville,KY
50,2025,42,155681,155681.0,Papadia,Papadia,,6,0.5,10.0,Louisville,KY
50,2025,43,155681,155681.0,Papadia,Papadia,,2,0.0,10.0,Louisville,KY
50,2025,31,156712,156712.0,Fresh Spinach & Tomato Alfredo,Original,10.0,2,0.0,7.0,Louisville,KY
50,2025,32,156712,156712.0,Fresh Spinach & Tomato Alfredo,Original,10.0,1,1.0,8.0,Louisville,KY
50,2025,38,156712,156712.0,Fresh Spinach & Tomato Alfredo,Original,10.0,2,0.0,9.0,Louisville,KY
50,2025,40,156712,156712.0,Fresh Spinach & Tomato Alfredo,Original,10.0,1,0.0,10.0,Louisville,KY
50,2025,42,156712,156712.0,Fresh Spinach & Tomato Alfredo,Original,10.0,1,1.0,10.0,Louisville,KY
50,2025,27,156714,156714.0,Fresh Spinach & Tomato Alfredo,Original,12.0,1,0.0,7.0,Louisville,KY
50,2025,29,156714,156714.0,Fresh Spinach & Tomato Alfredo,Original,12.0,1,0.0,7.0,Louisville,KY
50,2025,30,156714,156714.0,Fresh Spinach & Tomato Alfredo,Original,12.0,3,0.6666666666666666,7.0,Louisville,KY
50,2025,37,156714,156714.0,Fresh Spinach & Tomato Alfredo,Original,12.0,2,1.0,9.0,Louisville,KY
50,2025,39,156714,156714.0,Fresh Spinach & Tomato Alfredo,Original,12.0,1,1.0,9.0,Louisville,KY
50,2025,27,156715,156715.0,Fresh Spinach & Tomato Alfredo,Original,14.0,1,0.0,7.0,Louisville,KY
50,2025,28,156715,156715.0,Fresh Spinach & Tomato Alfredo,Original,14.0,3,0.3333333333333333,7.0,Louisville,KY
50,2025,29,156715,156715.0,Fresh Spinach & Tomato Alfredo,Original,14.0,5,0.0,7.0,Louisville,KY
50,2025,30,156715,156715.0,Fresh Spinach & Tomato Alfredo,Original,14.0,4,0.5,7.0,Louisville,KY
50,2025,31,156715,156715.0,Fresh Spinach & Tomato Alfredo,Original,14.0,2,0.5,7.5,Louisville,KY
50,2025,32,156715,156715.0,Fresh Spinach & Tomato Alfredo,Original,14.0,2,0.5,8.0,Louisville,KY
50,2025,33,156715,156715.0,Fresh Spinach & Tomato Alfredo,Original,14.0,1,0.0,8.0,Louisville,KY
50,2025,34,156715,156715.0,Fresh Spinach & Tomato Alfredo,Original,14.0,3,0.6666666666666666,8.0,Louisville,KY
50,2025,35,156715,156715.0,Fresh Spinach & Tomato Alfredo,Original,14.0,1,0.0,8.0,Louisville,KY
50,2025,36,156715,156715.0,Fresh Spinach & Tomato Alfredo,Original,14.0,1,0.0,9.0,Louisville,KY
50,2025,37,156715,156715.0,Fresh Spinach & Tomato Alfredo,Original,14.0,1,0.0,9.0,Louisville,KY
50,2025,38,156715,156715.0,Fresh Spinach & Tomato Alfredo,Original,14.0,3,0.3333333333333333,9.0,Louisville,KY
50,2025,40,156715,156715.0,Fresh Spinach & Tomato Alfredo,Original,14.0,1,0.0,9.0,Louisville,KY
50,2025,41,156715,156715.0,Fresh Spinach & Tomato Alfredo,Original,14.0,3,0.0,10.0,Louisville,KY
50,2025,42,156715,156715.0,Fresh Spinach & Tomato Alfredo,Original,14.0,2,0.5,10.0,Louisville,KY
50,2025,43,156715,156715.0,Fresh Spinach & Tomato Alfredo,Original,14.0,4,0.5,10.0,Louisville,KY
50,2025,28,156716,156716.0,Fresh Spinach & Tomato Alfredo,Thin,14.0,1,1.0,7.0,Louisville,KY
50,2025,30,156716,156716.0,Fresh Spinach & Tomato Alfredo,Thin,14.0,2,0.0,7.0,Louisville,KY
50,2025,39,156716,156716.0,Fresh Spinach & Tomato Alfredo,Thin,14.0,1,0.0,9.0,Louisville,KY
50,2025,40,156716,156716.0,Fresh Spinach & Tomato Alfredo,Thin,14.0,1,0.0,9.0,Louisville,KY
50,2025,41,156716,156716.0,Fresh Spinach & Tomato Alfredo,Thin,14.0,3,0.0,10.0,Louisville,KY
50,2025,39,156717,156717.0,Fresh Spinach & Tomato Alfredo,Original,16.0,1,0.0,9.0,Louisville,KY
50,2025,27,156779,156779.0,Papadia,Papadia,,11,0.45454545454545453,7.0,Louisville,KY
50,2025,28,156779,156779.0,Papadia,Papadia,,12,0.5,7.0,Louisville,KY
50,2025,29,156779,156779.0,Papadia,Papadia,,14,0.14285714285714285,7.0,Louisville,KY
50,2025,30,156779,156779.0,Papadia,Papadia,,14,0.5384615384615384,7.0,Louisville,KY
50,2025,31,156779,156779.0,Papadia,Papadia,,14,0.15384615384615385,7.538461538461538,Louisville,KY
50,2025,32,156779,156779.0,Papadia,Papadia,,7,0.14285714285714285,8.0,Louisville,KY
50,2025,33,156779,156779.0,Papadia,Papadia,,12,0.16666666666666666,8.0,Louisville,KY
50,2025,34,156779,156779.0,Papadia,Papadia,,26,0.11538461538461539,8.0,Louisville,KY
50,2025,35,156779,156779.0,Papadia,Papadia,,14,0.42857142857142855,8.0,Louisville,KY
50,2025,36,156779,156779.0,Papadia,Papadia,,13,0.07692307692307693,9.0,Louisville,KY
50,2025,37,156779,156779.0,Papadia,Papadia,,11,0.2727272727272727,9.0,Louisville,KY
50,2025,38,156779,156779.0,Papadia,Papadia,,13,0.23076923076923078,9.0,Louisville,KY
50,2025,39,156779,156779.0,Papadia,Papadia,,22,0.45454545454545453,9.0,Louisville,KY
50,2025,40,156779,156779.0,Papadia,Papadia,,16,0.3333333333333333,9.733333333333333,Louisville,KY
50,2025,41,156779,156779.0,Papadia,Papadia,,19,0.3684210526315789,10.0,Louisville,KY
50,2025,42,156779,156779.0,Papadia,Papadia,,15,0.3333333333333333,10.0,Louisville,KY
50,2025,43,156779,156779.0,Papadia,Papadia,,15,0.4,10.0,Louisville,KY
50,2025,43,156976,156976.0,Jack O'Lantern,Thin,14.0,46,0.2826086956521739,10.0,Louisville,KY
50,2025,27,157241,157241.0,Shaq-a-roni,NY Style,,10,0.3,7.0,Louisville,KY
50,2025,28,157241,157241.0,Shaq-a-roni,NY Style,,20,0.3,7.0,Louisville,KY
50,2025,29,157241,157241.0,Shaq-a-roni,NY Style,,11,0.36363636363636365,7.0,Louisville,KY
50,2025,30,157241,157241.0,Shaq-a-roni,NY Style,,12,0.08333333333333333,7.0,Louisville,KY
50,2025,31,157241,157241.0,Shaq-a-roni,NY Style,,16,0.375,7.5625,Louisville,KY
50,2025,32,157241,157241.0,Shaq-a-roni,NY Style,,10,0.4,8.0,Louisville,KY
50,2025,33,157241,157241.0,Shaq-a-roni,NY Style,,20,0.3,8.0,Louisville,KY
50,2025,34,157241,157241.0,Shaq-a-roni,NY Style,,8,0.5,8.0,Louisville,KY
50,2025,35,157241,157241.0,Shaq-a-roni,NY Style,,13,0.3,8.0,Louisville,KY
50,2025,36,157241,157241.0,Shaq-a-roni,NY Style,,11,0.45454545454545453,9.0,Louisville,KY
50,2025,37,157241,157241.0,Shaq-a-roni,NY Style,,16,0.4375,9.0,Louisville,KY
50,2025,38,157241,157241.0,Shaq-a-roni,NY Style,,10,0.4,9.0,Louisville,KY
50,2025,39,157241,157241.0,Shaq-a-roni,NY Style,,12,0.25,9.0,Louisville,KY
50,2025,40,157241,157241.0,Shaq-a-roni,NY Style,,9,0.1111111111111111,9.333333333333334,Louisville,KY
50,2025,41,157241,157241.0,Shaq-a-roni,NY Style,,10,0.7,10.0,Louisville,KY
50,2025,42,157241,157241.0,Shaq-a-roni,NY Style,,6,0.3333333333333333,10.0,Louisville,KY
50,2025,43,157241,157241.0,Shaq-a-roni,NY Style,,8,0.25,10.0,Louisville,KY
50,2025,27,164208,164208.0,Double Cheeseburger,Original,14.0,3,0.0,7.0,Louisville,KY
50,2025,28,164208,164208.0,Double Cheeseburger,Original,14.0,3,0.6666666666666666,7.0,Louisville,KY
50,2025,30,164208,164208.0,Double Cheeseburger,Original,14.0,2,0.5,7.0,Louisville,KY
50,2025,33,164208,164208.0,Double Cheeseburger,Original,14.0,1,1.0,8.0,Louisville,KY
50,2025,27,164212,164212.0,Double Cheeseburger,Original,12.0,27,0.2962962962962963,7.0,Louisville,KY
50,2025,28,164212,164212.0,Double Cheeseburger,Original,12.0,40,0.4,7.0,Louisville,KY
50,2025,29,164212,164212.0,Double Cheeseburger,Original,12.0,34,0.23529411764705882,7.0,Louisville,KY
50,2025,30,164212,164212.0,Double Cheeseburger,Original,12.0,26,0.34615384615384615,7.0,Louisville,KY
50,2025,31,164212,164212.0,Double Cheeseburger,Original,12.0,34,0.3333333333333333,7.545454545454546,Louisville,KY
50,2025,32,164212,164212.0,Double Cheeseburger,Original,12.0,12,0.3333333333333333,8.0,Louisville,KY
50,2025,33,164212,164212.0,Double Cheeseburger,Original,12.0,15,0.13333333333333333,8.0,Louisville,KY
50,2025,27,164635,164635.0,Dipping Sauce,Dipping Sauce,,35,0.4090909090909091,7.0,Louisville,KY
50,2025,28,164635,164635.0,Dipping Sauce,Dipping Sauce,,32,0.4166666666666667,7.0,Louisville,KY
50,2025,29,164635,164635.0,Dipping Sauce,Dipping Sauce,,35,0.2,7.0,Louisville,KY
50,2025,30,164635,164635.0,Dipping Sauce,Dipping Sauce,,36,0.16666666666666666,7.0,Louisville,KY
50,2025,31,164635,164635.0,Dipping Sauce,Dipping Sauce,,38,0.4166666666666667,7.458333333333333,Louisville,KY
50,2025,32,164635,164635.0,Dipping Sauce,Dipping Sauce,,37,0.6296296296296297,8.0,Louisville,KY
50,2025,33,164635,164635.0,Dipping Sauce,Dipping Sauce,,31,0.3157894736842105,8.0,Louisville,KY
50,2025,34,164635,164635.0,Dipping Sauce,Dipping Sauce,,31,0.47368421052631576,8.0,Louisville,KY
50,2025,35,164635,164635.0,Dipping Sauce,Dipping Sauce,,30,0.375,8.0,Louisville,KY
50,2025,36,164635,164635.0,Dipping Sauce,Dipping Sauce,,28,0.2857142857142857,9.0,Louisville,KY
50,2025,37,164635,164635.0,Dipping Sauce,Dipping Sauce,,33,0.5263157894736842,9.0,Louisville,KY
50,2025,38,164635,164635.0,Dipping Sauce,Dipping Sauce,,44,0.4230769230769231,9.0,Louisville,KY
50,2025,39,164635,164635.0,Dipping Sauce,Dipping Sauce,,39,0.34375,9.0,Louisville,KY
50,2025,40,164635,164635.0,Dipping Sauce,Dipping Sauce,,35,0.5384615384615384,9.76923076923077,Louisville,KY
50,2025,41,164635,164635.0,Dipping Sauce,Dipping Sauce,,22,0.26666666666666666,10.0,Louisville,KY
50,2025,42,164635,164635.0,Dipping Sauce,Dipping Sauce,,28,0.3333333333333333,10.0,Louisville,KY
50,2025,43,164635,164635.0,Dipping Sauce,Dipping Sauce,,28,0.391304347826087,10.0,Louisville,KY
50,2025,27,169826,169826.0,Papadia,Papadia,,1,0.0,7.0,Louisville,KY
50,2025,28,169826,169826.0,Papadia,Papadia,,2,0.5,7.0,Louisville,KY
50,2025,29,169826,169826.0,Papadia,Papadia,,7,0.16666666666666666,7.0,Louisville,KY
50,2025,30,169826,169826.0,Papadia,Papadia,,5,0.4,7.0,Louisville,KY
50,2025,31,169826,169826.0,Papadia,Papadia,,4,0.5,7.5,Louisville,KY
50,2025,32,169826,169826.0,Papadia,Papadia,,5,0.4,8.0,Louisville,KY
50,2025,33,169826,169826.0,Papadia,Papadia,,11,0.6363636363636364,8.0,Louisville,KY
50,2025,34,169826,169826.0,Papadia,Papadia,,3,0.6666666666666666,8.0,Louisville,KY
50,2025,35,169826,169826.0,Papadia,Papadia,,5,0.4,8.0,Louisville,KY
50,2025,36,169826,169826.0,Papadia,Papadia,,1,0.0,9.0,Louisville,KY
50,2025,37,169826,169826.0,Papadia,Papadia,,3,0.3333333333333333,9.0,Louisville,KY
50,2025,38,169826,169826.0,Papadia,Papadia,,3,0.0,9.0,Louisville,KY
50,2025,39,169826,169826.0,Papadia,Papadia,,7,0.42857142857142855,9.0,Louisville,KY
50,2025,40,169826,169826.0,Papadia,Papadia,,6,0.3333333333333333,9.833333333333334,Louisville,KY
50,2025,41,169826,169826.0,Papadia,Papadia,,3,0.0,10.0,Louisville,KY
50,2025,42,169826,169826.0,Papadia,Papadia,,6,0.16666666666666666,10.0,Louisville,KY
50,2025,43,169826,169826.0,Papadia,Papadia,,4,0.25,10.0,Louisville,KY
50,2025,27,170066,170066.0,Dipping Sauce,Dipping Sauce,,6,0.6666666666666666,7.0,Louisville,KY
50,2025,28,170066,170066.0,Dipping Sauce,Dipping Sauce,,6,0.2,7.0,Louisville,KY
50,2025,29,170066,170066.0,Dipping Sauce,Dipping Sauce,,10,0.25,7.0,Louisville,KY
50,2025,30,170066,170066.0,Dipping Sauce,Dipping Sauce,,8,0.5714285714285714,7.0,Louisville,KY
50,2025,31,170066,170066.0,Dipping Sauce,Dipping Sauce,,13,0.5,7.625,Louisville,KY
50,2025,32,170066,170066.0,Dipping Sauce,Dipping Sauce,,3,0.3333333333333333,8.0,Louisville,KY
50,2025,33,170066,170066.0,Dipping Sauce,Dipping Sauce,,5,0.3333333333333333,8.0,Louisville,KY
50,2025,27,186038,186038.0,Dipping Sauce,Dipping Sauce,,7,0.3333333333333333,7.0,Louisville,KY
50,2025,29,186038,186038.0,Dipping Sauce,Dipping Sauce,,10,0.5,7.0,Louisville,KY
50,2025,30,186038,186038.0,Dipping Sauce,Dipping Sauce,,7,0.0,7.0,Louisville,KY
50,2025,31,186038,186038.0,Dipping Sauce,Dipping Sauce,,2,0.5,7.5,Louisville,KY
50,2025,32,186038,186038.0,Dipping Sauce,Dipping Sauce,,4,0.0,8.0,Louisville,KY
50,2025,34,186038,186038.0,Dipping Sauce,Dipping Sauce,,5,0.6666666666666666,8.0,Louisville,KY
50,2025,35,186038,186038.0,Dipping Sauce,Dipping Sauce,,4,0.0,8.0,Louisville,KY
50,2025,36,186038,186038.0,Dipping Sauce,Dipping Sauce,,1,1.0,9.0,Louisville,KY
50,2025,37,186038,186038.0,Dipping Sauce,Dipping Sauce,,6,0.5,9.0,Louisville,KY
50,2025,38,186038,186038.0,Dipping Sauce,Dipping Sauce,,10,0.125,9.0,Louisville,KY
50,2025,39,186038,186038.0,Dipping Sauce,Dipping Sauce,,7,0.5,9.0,Louisville,KY
50,2025,40,186038,186038.0,Dipping Sauce,Dipping Sauce,,9,0.75,10.0,Louisville,KY
50,2025,41,186038,186038.0,Dipping Sauce,Dipping Sauce,,9,0.6666666666666666,10.0,Louisville,KY
50,2025,42,186038,186038.0,Dipping Sauce,Dipping Sauce,,3,1.0,10.0,Louisville,KY
50,2025,43,186038,186038.0,Dipping Sauce,Dipping Sauce,,3,0.0,10.0,Louisville,KY
50,2025,28,197219,197219.0,Dipping Sauce,Dipping Sauce,,1,0.0,7.0,Louisville,KY
50,2025,27,386365,386365.0,CYO,CYO,,3,0.0,7.0,Louisville,KY
50,2025,28,386365,386365.0,CYO,CYO,,5,0.6,7.0,Louisville,KY
50,2025,29,386365,386365.0,CYO,CYO,,5,0.4,7.0,Louisville,KY
50,2025,30,386365,386365.0,CYO,CYO,,4,0.25,7.0,Louisville,KY
50,2025,31,386365,386365.0,CYO,CYO,,7,0.14285714285714285,7.142857142857143,Louisville,KY
50,2025,32,386365,386365.0,CYO,CYO,,5,0.6,8.0,Louisville,KY
50,2025,33,386365,386365.0,CYO,CYO,,4,0.25,8.0,Louisville,KY
50,2025,34,386365,386365.0,CYO,CYO,,7,0.4,8.0,Louisville,KY
50,2025,35,386365,386365.0,CYO,CYO,,5,0.8,8.0,Louisville,KY
50,2025,36,386365,386365.0,CYO,CYO,,4,0.25,9.0,Louisville,KY
50,2025,37,386365,386365.0,CYO,CYO,,3,0.6666666666666666,9.0,Louisville,KY
50,2025,38,386365,386365.0,CYO,CYO,,2,0.5,9.0,Louisville,KY
50,2025,39,386365,386365.0,CYO,CYO,,9,0.3333333333333333,9.0,Louisville,KY
50,2025,40,386365,386365.0,CYO,CYO,,3,0.0,9.666666666666666,Louisville,KY
50,2025,41,386365,386365.0,CYO,CYO,,3,0.0,10.0,Louisville,KY
50,2025,42,386365,386365.0,CYO,CYO,,5,0.4,10.0,Louisville,KY
50,2025,43,386365,386365.0,CYO,CYO,,1,0.0,10.0,Louisville,KY
50,2025,27,460188,460188.0,1 Topping CYO,NY Style,,6,0.5,7.0,Louisville,KY
50,2025,28,460188,460188.0,1 Topping CYO,NY Style,,3,0.6666666666666666,7.0,Louisville,KY
50,2025,29,460188,460188.0,1 Topping CYO,NY Style,,2,0.5,7.0,Louisville,KY
50,2025,30,460188,460188.0,1 Topping CYO,NY Style,,1,0.0,7.0,Louisville,KY
50,2025,31,460188,460188.0,1 Topping CYO,NY Style,,6,0.3333333333333333,8.0,Louisville,KY
50,2025,32,460188,460188.0,1 Topping CYO,NY Style,,14,0.6428571428571429,8.0,Louisville,KY
50,2025,33,460188,460188.0,1 Topping CYO,NY Style,,15,0.4,8.0,Louisville,KY
50,2025,34,460188,460188.0,1 Topping CYO,NY Style,,12,0.4166666666666667,8.0,Louisville,KY
50,2025,35,460188,460188.0,1 Topping CYO,NY Style,,13,0.16666666666666666,8.0,Louisville,KY
50,2025,36,460188,460188.0,1 Topping CYO,NY Style,,71,0.5571428571428572,9.0,Louisville,KY
50,2025,37,460188,460188.0,1 Topping CYO,NY Style,,65,0.03076923076923077,9.0,Louisville,KY
50,2025,38,460188,460188.0,1 Topping CYO,NY Style,,11,0.09090909090909091,9.0,Louisville,KY
50,2025,39,460188,460188.0,1 Topping CYO,NY Style,,22,0.045454545454545456,9.0,Louisville,KY
50,2025,40,460188,460188.0,1 Topping CYO,NY Style,,15,0.6,9.866666666666667,Louisville,KY
50,2025,41,460188,460188.0,1 Topping CYO,NY Style,,20,0.6,10.0,Louisville,KY
50,2025,42,460188,460188.0,1 Topping CYO,NY Style,,18,0.3333333333333333,10.0,Louisville,KY
50,2025,43,460188,460188.0,1 Topping CYO,NY Style,,19,0.21052631578947367,10.0,Louisville,KY
50,2025,28,460190,460190.0,2 Topping CYO,NY Style,,1,1.0,7.0,Louisville,KY
50,2025,29,460190,460190.0,2 Topping CYO,NY Style,,3,1.0,7.0,Louisville,KY
50,2025,30,460190,460190.0,2 Topping CYO,NY Style,,1,0.0,7.0,Louisville,KY
50,2025,31,460190,460190.0,2 Topping CYO,NY Style,,1,0.0,7.0,Louisville,KY
50,2025,32,460190,460190.0,2 Topping CYO,NY Style,,1,1.0,8.0,Louisville,KY
50,2025,33,460190,460190.0,2 Topping CYO,NY Style,,3,0.3333333333333333,8.0,Louisville,KY
50,2025,34,460190,460190.0,2 Topping CYO,NY Style,,3,0.6666666666666666,8.0,Louisville,KY
50,2025,35,460190,460190.0,2 Topping CYO,NY Style,,5,0.6,8.0,Louisville,KY
50,2025,36,460190,460190.0,2 Topping CYO,NY Style,,7,0.42857142857142855,9.0,Louisville,KY
50,2025,37,460190,460190.0,2 Topping CYO,NY Style,,4,0.0,9.0,Louisville,KY
50,2025,38,460190,460190.0,2 Topping CYO,NY Style,,4,0.5,9.0,Louisville,KY
50,2025,39,460190,460190.0,2 Topping CYO,NY Style,,4,0.25,9.0,Louisville,KY
50,2025,40,460190,460190.0,2 Topping CYO,NY Style,,5,0.6,10.0,Louisville,KY
50,2025,41,460190,460190.0,2 Topping CYO,NY Style,,4,0.25,10.0,Louisville,KY
50,2025,42,460190,460190.0,2 Topping CYO,NY Style,,3,0.0,10.0,Louisville,KY
50,2025,43,460190,460190.0,2 Topping CYO,NY Style,,5,0.6,10.0,Louisville,KY
50,2025,28,460192,460192.0,3 Topping CYO,NY Style,,1,0.0,7.0,Louisville,KY
50,2025,29,460192,460192.0,3 Topping CYO,NY Style,,1,1.0,7.0,Louisville,KY
50,2025,32,460192,460192.0,3 Topping CYO,NY Style,,1,0.0,8.0,Louisville,KY
50,2025,34,460192,460192.0,3 Topping CYO,NY Style,,1,1.0,8.0,Louisville,KY
50,2025,36,460192,460192.0,3 Topping CYO,NY Style,,3,0.3333333333333333,9.0,Louisville,KY
50,2025,37,460192,460192.0,3 Topping CYO,NY Style,,2,0.0,9.0,Louisville,KY
50,2025,39,460192,460192.0,3 Topping CYO,NY Style,,2,0.5,9.0,Louisville,KY
50,2025,40,460192,460192.0,3 Topping CYO,NY Style,,1,0.0,9.0,Louisville,KY
50,2025,41,460192,460192.0,3 Topping CYO,NY Style,,1,0.0,10.0,Louisville,KY
50,2025,42,460192,460192.0,3 Topping CYO,NY Style,,2,1.0,10.0,Louisville,KY
50,2025,43,460192,460192.0,3 Topping CYO,NY Style,,5,0.2,10.0,Louisville,KY
50,2025,28,460194,460194.0,4 Topping CYO,NY Style,,1,0.0,7.0,Louisville,KY
50,2025,29,460194,460194.0,4 Topping CYO,NY Style,,1,0.0,7.0,Louisville,KY
50,2025,33,460194,460194.0,4 Topping CYO,NY Style,,1,0.0,8.0,Louisville,KY
50,2025,36,460194,460194.0,4 Topping CYO,NY Style,,1,0.0,9.0,Louisville,KY
50,2025,37,460194,460194.0,4 Topping CYO,NY Style,,4,0.0,9.0,Louisville,KY
50,2025,39,460194,460194.0,4 Topping CYO,NY Style,,1,0.0,9.0,Louisville,KY
50,2025,40,460194,460194.0,4 Topping CYO,NY Style,,1,1.0,10.0,Louisville,KY
50,2025,41,460194,460194.0,4 Topping CYO,NY Style,,1,1.0,10.0,Louisville,KY
50,2025,27,460196,460196.0,5 Topping CYO,NY Style,,1,0.0,7.0,Louisville,KY
50,2025,28,460196,460196.0,5 Topping CYO,NY Style,,1,0.0,7.0,Louisville,KY
50,2025,29,460196,460196.0,5 Topping CYO,NY Style,,2,1.0,7.0,Louisville,KY
50,2025,33,460196,460196.0,5 Topping CYO,NY Style,,1,1.0,8.0,Louisville,KY
50,2025,35,460196,460196.0,5 Topping CYO,NY Style,,2,0.0,8.0,Louisville,KY
50,2025,36,460196,460196.0,5 Topping CYO,NY Style,,1,0.0,9.0,Louisville,KY
50,2025,37,460196,460196.0,5 Topping CYO,NY Style,,4,0.25,9.0,Louisville,KY
50,2025,39,460196,460196.0,5 Topping CYO,NY Style,,1,0.0,9.0,Louisville,KY
50,2025,36,467449,467449.0,Works,NY Style,,2,0.0,9.0,Louisville,KY
50,2025,41,467449,467449.0,Works,NY Style,,1,1.0,10.0,Louisville,KY
50,2025,42,467449,467449.0,Works,NY Style,,3,0.3333333333333333,10.0,Louisville,KY
50,2025,43,467449,467449.0,Works,NY Style,,1,0.0,10.0,Louisville,KY
50,2025,32,467456,467456.0,Meats,NY Style,,1,1.0,8.0,Louisville,KY
50,2025,36,467456,467456.0,Meats,NY Style,,2,0.5,9.0,Louisville,KY
50,2025,41,467456,467456.0,Meats,NY Style,,1,0.0,10.0,Louisville,KY
50,2025,42,467456,467456.0,Meats,NY Style,,1,0.0,10.0,Louisville,KY
50,2025,43,467456,467456.0,Meats,NY Style,,1,1.0,10.0,Louisville,KY
50,2025,33,467462,467462.0,BBQ Chicken Bacon,NY Style,,1,0.0,8.0,Louisville,KY
50,2025,36,467462,467462.0,BBQ Chicken Bacon,NY Style,,1,0.0,9.0,Louisville,KY
50,2025,42,467462,467462.0,BBQ Chicken Bacon,NY Style,,3,0.3333333333333333,10.0,Louisville,KY
50,2025,43,467462,467462.0,BBQ Chicken Bacon,NY Style,,1,0.0,10.0,Louisville,KY
50,2025,35,467464,467464.0,Hawaiian BBQ Chicken,NY Style,,1,1.0,8.0,Louisville,KY
50,2025,27,467466,467466.0,Garden Fresh,NY Style,,1,1.0,7.0,Louisville,KY
50,2025,39,467466,467466.0,Garden Fresh,NY Style,,1,1.0,9.0,Louisville,KY
50,2025,41,467466,467466.0,Garden Fresh,NY Style,,1,1.0,10.0,Louisville,KY
50,2025,42,467466,467466.0,Garden Fresh,NY Style,,1,1.0,10.0,Louisville,KY
50,2025,43,467466,467466.0,Garden Fresh,NY Style,,1,0.0,10.0,Louisville,KY
50,2025,42,467503,467503.0,Philly Cheesesteak,NY Style,,1,0.0,10.0,Louisville,KY
50,2025,43,467503,467503.0,Philly Cheesesteak,NY Style,,1,0.0,10.0,Louisville,KY
50,2025,28,467505,467505.0,Super Hawaiian,NY Style,,1,1.0,7.0,Louisville,KY
50,2025,42,467505,467505.0,Super Hawaiian,NY Style,,2,1.0,10.0,Louisville,KY
50,2025,41,467507,467507.0,Ultimate Pepperoni,NY Style,,1,1.0,10.0,Louisville,KY
50,2025,42,467507,467507.0,Ultimate Pepperoni,NY Style,,1,1.0,10.0,Louisville,KY
50,2025,43,467507,467507.0,Ultimate Pepperoni,NY Style,,1,1.0,10.0,Louisville,KY
50,2025,27,472842,472842.0,Popper Rolls,Chicken Parmesan,,10,0.5,7.0,Louisville,KY
50,2025,28,472842,472842.0,Popper Rolls,Chicken Parmesan,,19,0.5263157894736842,7.0,Louisville,KY
50,2025,29,472842,472842.0,Popper Rolls,Chicken Parmesan,,9,0.4444444444444444,7.0,Louisville,KY
50,2025,30,472842,472842.0,Popper Rolls,Chicken Parmesan,,13,0.38461538461538464,7.0,Louisville,KY
50,2025,31,472842,472842.0,Popper Rolls,Chicken Parmesan,,23,0.34782608695652173,7.478260869565218,Louisville,KY
50,2025,32,472842,472842.0,Popper Rolls,Chicken Parmesan,,14,0.2857142857142857,8.0,Louisville,KY
50,2025,33,472842,472842.0,Popper Rolls,Chicken Parmesan,,12,0.5833333333333334,8.0,Louisville,KY
50,2025,34,472842,472842.0,Popper Rolls,Chicken Parmesan,,6,0.16666666666666666,8.0,Louisville,KY
50,2025,35,472842,472842.0,Popper Rolls,Chicken Parmesan,,11,0.2727272727272727,8.0,Louisville,KY
50,2025,36,472842,472842.0,Popper Rolls,Chicken Parmesan,,15,0.2,9.0,Louisville,KY
50,2025,37,472842,472842.0,Popper Rolls,Chicken Parmesan,,13,0.6923076923076923,9.0,Louisville,KY
50,2025,38,472842,472842.0,Popper Rolls,Chicken Parmesan,,13,0.15384615384615385,9.0,Louisville,KY
50,2025,39,472842,472842.0,Popper Rolls,Chicken Parmesan,,5,0.4,9.0,Louisville,KY
50,2025,40,472842,472842.0,Popper Rolls,Chicken Parmesan,,11,0.09090909090909091,9.727272727272727,Louisville,KY
50,2025,41,472842,472842.0,Popper Rolls,Chicken Parmesan,,3,0.6666666666666666,10.0,Louisville,KY
50,2025,42,472842,472842.0,Popper Rolls,Chicken Parmesan,,5,0.6,10.0,Louisville,KY
50,2025,43,472842,472842.0,Popper Rolls,Chicken Parmesan,,13,0.3076923076923077,10.0,Louisville,KY
50,2025,27,472847,472847.0,Baked Dessert,Baked Dessert,,14,0.42857142857142855,7.0,Louisville,KY
50,2025,28,472847,472847.0,Baked Dessert,Baked Dessert,,17,0.29411764705882354,7.0,Louisville,KY
50,2025,29,472847,472847.0,Baked Dessert,Baked Dessert,,16,0.5625,7.0,Louisville,KY
50,2025,30,472847,472847.0,Baked Dessert,Baked Dessert,,16,0.375,7.0,Louisville,KY
50,2025,31,472847,472847.0,Baked Dessert,Baked Dessert,,21,0.19047619047619047,7.380952380952381,Louisville,KY
50,2025,32,472847,472847.0,Baked Dessert,Baked Dessert,,11,0.2727272727272727,8.0,Louisville,KY
50,2025,33,472847,472847.0,Baked Dessert,Baked Dessert,,19,0.3157894736842105,8.0,Louisville,KY
50,2025,34,472847,472847.0,Baked Dessert,Baked Dessert,,11,0.18181818181818182,8.0,Louisville,KY
50,2025,35,472847,472847.0,Baked Dessert,Baked Dessert,,24,0.2916666666666667,8.0,Louisville,KY
50,2025,36,472847,472847.0,Baked Dessert,Baked Dessert,,13,0.15384615384615385,9.0,Louisville,KY
50,2025,37,472847,472847.0,Baked Dessert,Baked Dessert,,19,0.3157894736842105,9.0,Louisville,KY
50,2025,38,472847,472847.0,Baked Dessert,Baked Dessert,,26,0.44,9.0,Louisville,KY
50,2025,39,472847,472847.0,Baked Dessert,Baked Dessert,,22,0.3181818181818182,9.0,Louisville,KY
50,2025,40,472847,472847.0,Baked Dessert,Baked Dessert,,27,0.18518518518518517,9.703703703703704,Louisville,KY
50,2025,41,472847,472847.0,Baked Dessert,Baked Dessert,,16,0.375,10.0,Louisville,KY
50,2025,42,472847,472847.0,Baked Dessert,Baked Dessert,,12,0.25,10.0,Louisville,KY
50,2025,43,472847,472847.0,Baked Dessert,Baked Dessert,,13,0.38461538461538464,10.0,Louisville,KY
50,2025,27,517633,517633.0,Boneless Wings,BBQ,,3,0.0,7.0,Louisville,KY
50,2025,28,517633,517633.0,Boneless Wings,BBQ,,4,0.75,7.0,Louisville,KY
50,2025,29,517633,517633.0,Boneless Wings,BBQ,,4,0.25,7.0,Louisville,KY
50,2025,30,517633,517633.0,Boneless Wings,BBQ,,1,0.0,7.0,Louisville,KY
50,2025,31,517633,517633.0,Boneless Wings,BBQ,,3,0.3333333333333333,7.333333333333333,Louisville,KY
50,2025,32,517633,517633.0,Boneless Wings,BBQ,,9,0.2222222222222222,8.0,Louisville,KY
50,2025,33,517633,517633.0,Boneless Wings,BBQ,,4,0.75,8.0,Louisville,KY
50,2025,34,517633,517633.0,Boneless Wings,BBQ,,8,0.2857142857142857,8.0,Louisville,KY
50,2025,35,517633,517633.0,Boneless Wings,BBQ,,9,0.3333333333333333,8.0,Louisville,KY
50,2025,36,517633,517633.0,Boneless Wings,BBQ,,7,0.42857142857142855,9.0,Louisville,KY
50,2025,37,517633,517633.0,Boneless Wings,BBQ,,6,0.3333333333333333,9.0,Louisville,KY
50,2025,38,517633,517633.0,Boneless Wings,BBQ,,10,0.3,9.0,Louisville,KY
50,2025,39,517633,517633.0,Boneless Wings,BBQ,,3,0.6666666666666666,9.0,Louisville,KY
50,2025,40,517633,517633.0,Boneless Wings,BBQ,,5,0.0,9.8,Louisville,KY
50,2025,41,517633,517633.0,Boneless Wings,BBQ,,2,0.0,10.0,Louisville,KY
50,2025,42,517633,517633.0,Boneless Wings,BBQ,,4,0.25,10.0,Louisville,KY
50,2025,43,517633,517633.0,Boneless Wings,BBQ,,7,0.42857142857142855,10.0,Louisville,KY
50,2025,27,517634,517634.0,Boneless Wings,BBQ,,2,0.5,7.0,Louisville,KY
50,2025,28,517634,517634.0,Boneless Wings,BBQ,,1,1.0,7.0,Louisville,KY
50,2025,29,517634,517634.0,Boneless Wings,BBQ,,1,0.0,7.0,Louisville,KY
50,2025,32,517634,517634.0,Boneless Wings,BBQ,,2,0.0,8.0,Louisville,KY
50,2025,35,517634,517634.0,Boneless Wings,BBQ,,2,0.5,8.0,Louisville,KY
50,2025,38,517634,517634.0,Boneless Wings,BBQ,,1,1.0,9.0,Louisville,KY
50,2025,40,517634,517634.0,Boneless Wings,BBQ,,1,1.0,10.0,Louisville,KY
50,2025,41,517634,517634.0,Boneless Wings,BBQ,,1,1.0,10.0,Louisville,KY
50,2025,27,517638,517638.0,Boneless Wings,Buffalo,,7,0.7142857142857143,7.0,Louisville,KY
50,2025,28,517638,517638.0,Boneless Wings,Buffalo,,6,0.3333333333333333,7.0,Louisville,KY
50,2025,29,517638,517638.0,Boneless Wings,Buffalo,,4,0.25,7.0,Louisville,KY
50,2025,30,517638,517638.0,Boneless Wings,Buffalo,,10,0.4,7.0,Louisville,KY
50,2025,31,517638,517638.0,Boneless Wings,Buffalo,,6,0.6666666666666666,7.666666666666667,Louisville,KY
50,2025,32,517638,517638.0,Boneless Wings,Buffalo,,10,0.4,8.0,Louisville,KY
50,2025,33,517638,517638.0,Boneless Wings,Buffalo,,10,0.2,8.0,Louisville,KY
50,2025,34,517638,517638.0,Boneless Wings,Buffalo,,9,0.5555555555555556,8.0,Louisville,KY
50,2025,35,517638,517638.0,Boneless Wings,Buffalo,,9,0.3333333333333333,8.0,Louisville,KY
50,2025,36,517638,517638.0,Boneless Wings,Buffalo,,5,0.2,9.0,Louisville,KY
50,2025,37,517638,517638.0,Boneless Wings,Buffalo,,14,0.35714285714285715,9.0,Louisville,KY
50,2025,38,517638,517638.0,Boneless Wings,Buffalo,,7,0.5714285714285714,9.0,Louisville,KY
50,2025,39,517638,517638.0,Boneless Wings,Buffalo,,5,0.2,9.0,Louisville,KY
50,2025,40,517638,517638.0,Boneless Wings,Buffalo,,2,0.5,10.0,Louisville,KY
50,2025,41,517638,517638.0,Boneless Wings,Buffalo,,8,0.25,10.0,Louisville,KY
50,2025,42,517638,517638.0,Boneless Wings,Buffalo,,3,0.0,10.0,Louisville,KY
50,2025,43,517638,517638.0,Boneless Wings,Buffalo,,5,0.4,10.0,Louisville,KY
50,2025,28,517639,517639.0,Boneless Wings,Buffalo,,2,0.5,7.0,Louisville,KY
50,2025,29,517639,517639.0,Boneless Wings,Buffalo,,1,0.0,7.0,Louisville,KY
50,2025,30,517639,517639.0,Boneless Wings,Buffalo,,1,0.0,7.0,Louisville,KY
50,2025,32,517639,517639.0,Boneless Wings,Buffalo,,1,0.0,8.0,Louisville,KY
50,2025,33,517639,517639.0,Boneless Wings,Buffalo,,3,0.3333333333333333,8.0,Louisville,KY
50,2025,34,517639,517639.0,Boneless Wings,Buffalo,,1,1.0,8.0,Louisville,KY
50,2025,35,517639,517639.0,Boneless Wings,Buffalo,,2,0.0,8.0,Louisville,KY
50,2025,37,517639,517639.0,Boneless Wings,Buffalo,,2,0.5,9.0,Louisville,KY
50,2025,38,517639,517639.0,Boneless Wings,Buffalo,,1,1.0,9.0,Louisville,KY
50,2025,43,517639,517639.0,Boneless Wings,Buffalo,,3,0.3333333333333333,10.0,Louisville,KY
50,2025,33,517640,517640.0,Boneless Wings,Buffalo,,1,1.0,8.0,Louisville,KY
50,2025,36,517640,517640.0,Boneless Wings,Buffalo,,1,0.0,9.0,Louisville,KY
50,2025,43,517640,517640.0,Boneless Wings,Buffalo,,1,1.0,10.0,Louisville,KY
50,2025,27,517643,517643.0,Boneless Wings,Honey Chipotle,,3,0.3333333333333333,7.0,Louisville,KY
50,2025,28,517643,517643.0,Boneless Wings,Honey Chipotle,,5,0.4,7.0,Louisville,KY
50,2025,29,517643,517643.0,Boneless Wings,Honey Chipotle,,2,1.0,7.0,Louisville,KY
50,2025,30,517643,517643.0,Boneless Wings,Honey Chipotle,,3,0.3333333333333333,7.0,Louisville,KY
50,2025,31,517643,517643.0,Boneless Wings,Honey Chipotle,,6,0.5,7.5,Louisville,KY
50,2025,32,517643,517643.0,Boneless Wings,Honey Chipotle,,6,0.16666666666666666,8.0,Louisville,KY
50,2025,33,517643,517643.0,Boneless Wings,Honey Chipotle,,3,0.0,8.0,Louisville,KY
50,2025,34,517643,517643.0,Boneless Wings,Honey Chipotle,,5,0.6,8.0,Louisville,KY
50,2025,35,517643,517643.0,Boneless Wings,Honey Chipotle,,3,0.3333333333333333,8.0,Louisville,KY
50,2025,36,517643,517643.0,Boneless Wings,Honey Chipotle,,6,0.0,9.0,Louisville,KY
50,2025,37,517643,517643.0,Boneless Wings,Honey Chipotle,,8,0.375,9.0,Louisville,KY
50,2025,38,517643,517643.0,Boneless Wings,Honey Chipotle,,6,0.3333333333333333,9.0,Louisville,KY
50,2025,39,517643,517643.0,Boneless Wings,Honey Chipotle,,7,0.2857142857142857,9.0,Louisville,KY
50,2025,40,517643,517643.0,Boneless Wings,Honey Chipotle,,7,0.2857142857142857,9.428571428571429,Louisville,KY
50,2025,41,517643,517643.0,Boneless Wings,Honey Chipotle,,1,0.0,10.0,Louisville,KY
50,2025,42,517643,517643.0,Boneless Wings,Honey Chipotle,,2,0.0,10.0,Louisville,KY
50,2025,43,517643,517643.0,Boneless Wings,Honey Chipotle,,5,0.2,10.0,Louisville,KY
50,2025,34,517644,517644.0,Boneless Wings,Honey Chipotle,,2,1.0,8.0,Louisville,KY
50,2025,35,517644,517644.0,Boneless Wings,Honey Chipotle,,1,0.0,8.0,Louisville,KY
50,2025,36,517644,517644.0,Boneless Wings,Honey Chipotle,,1,0.0,9.0,Louisville,KY
50,2025,37,517644,517644.0,Boneless Wings,Honey Chipotle,,1,1.0,9.0,Louisville,KY
50,2025,40,517644,517644.0,Boneless Wings,Honey Chipotle,,1,0.0,10.0,Louisville,KY
50,2025,42,517644,517644.0,Boneless Wings,Honey Chipotle,,1,1.0,10.0,Louisville,KY
50,2025,27,517648,517648.0,Boneless Wings,Unsauced,,5,0.4,7.0,Louisville,KY
50,2025,28,517648,517648.0,Boneless Wings,Unsauced,,8,0.25,7.0,Louisville,KY
50,2025,29,517648,517648.0,Boneless Wings,Unsauced,,1,0.0,7.0,Louisville,KY
50,2025,30,517648,517648.0,Boneless Wings,Unsauced,,15,0.46153846153846156,7.0,Louisville,KY
50,2025,31,517648,517648.0,Boneless Wings,Unsauced,,3,0.6666666666666666,7.666666666666667,Louisville,KY
50,2025,32,517648,517648.0,Boneless Wings,Unsauced,,5,0.2,8.0,Louisville,KY
50,2025,33,517648,517648.0,Boneless Wings,Unsauced,,3,0.6666666666666666,8.0,Louisville,KY
50,2025,34,517648,517648.0,Boneless Wings,Unsauced,,11,0.3,8.0,Louisville,KY
50,2025,35,517648,517648.0,Boneless Wings,Unsauced,,5,0.6,8.0,Louisville,KY
50,2025,36,517648,517648.0,Boneless Wings,Unsauced,,4,0.25,9.0,Louisville,KY
50,2025,37,517648,517648.0,Boneless Wings,Unsauced,,7,0.7142857142857143,9.0,Louisville,KY
50,2025,38,517648,517648.0,Boneless Wings,Unsauced,,8,0.375,9.0,Louisville,KY
50,2025,39,517648,517648.0,Boneless Wings,Unsauced,,6,0.5,9.0,Louisville,KY
50,2025,40,517648,517648.0,Boneless Wings,Unsauced,,7,0.0,9.714285714285714,Louisville,KY
50,2025,41,517648,517648.0,Boneless Wings,Unsauced,,3,0.3333333333333333,10.0,Louisville,KY
50,2025,42,517648,517648.0,Boneless Wings,Unsauced,,7,0.2857142857142857,10.0,Louisville,KY
50,2025,43,517648,517648.0,Boneless Wings,Unsauced,,8,0.5,10.0,Louisville,KY
50,2025,28,517649,517649.0,Boneless Wings,Unsauced,,1,0.0,7.0,Louisville,KY
50,2025,31,517649,517649.0,Boneless Wings,Unsauced,,1,1.0,8.0,Louisville,KY
50,2025,32,517649,517649.0,Boneless Wings,Unsauced,,1,1.0,8.0,Louisville,KY
50,2025,33,517649,517649.0,Boneless Wings,Unsauced,,1,1.0,8.0,Louisville,KY
50,2025,34,517649,517649.0,Boneless Wings,Unsauced,,1,1.0,8.0,Louisville,KY
50,2025,35,517649,517649.0,Boneless Wings,Unsauced,,1,0.0,8.0,Louisville,KY
50,2025,36,517649,517649.0,Boneless Wings,Unsauced,,1,0.0,9.0,Louisville,KY
50,2025,37,517649,517649.0,Boneless Wings,Unsauced,,3,0.3333333333333333,9.0,Louisville,KY
50,2025,40,517649,517649.0,Boneless Wings,Unsauced,,3,0.0,9.666666666666666,Louisville,KY
50,2025,41,517649,517649.0,Boneless Wings,Unsauced,,1,1.0,10.0,Louisville,KY
50,2025,42,517649,517649.0,Boneless Wings,Unsauced,,2,0.0,10.0,Louisville,KY
50,2025,43,517649,517649.0,Boneless Wings,Unsauced,,1,0.0,10.0,Louisville,KY
50,2025,32,517650,517650.0,Boneless Wings,Unsauced,,1,1.0,8.0,Louisville,KY
50,2025,33,517650,517650.0,Boneless Wings,Unsauced,,1,0.0,8.0,Louisville,KY
50,2025,34,517650,517650.0,Boneless Wings,Unsauced,,1,0.0,8.0,Louisville,KY
50,2025,41,517650,517650.0,Boneless Wings,Unsauced,,1,0.0,10.0,Louisville,KY
50,2025,27,517653,517653.0,Boneless Wings,Hot Lemon Pepper,,1,1.0,7.0,Louisville,KY
50,2025,28,517653,517653.0,Boneless Wings,Hot Lemon Pepper,,4,0.25,7.0,Louisville,KY
50,2025,29,517653,517653.0,Boneless Wings,Hot Lemon Pepper,,3,0.6666666666666666,7.0,Louisville,KY
50,2025,30,517653,517653.0,Boneless Wings,Hot Lemon Pepper,,1,0.0,7.0,Louisville,KY
50,2025,27,517658,517658.0,Boneless Wings,Garlic Parmesan,,3,0.3333333333333333,7.0,Louisville,KY
50,2025,28,517658,517658.0,Boneless Wings,Garlic Parmesan,,5,0.2,7.0,Louisville,KY
50,2025,29,517658,517658.0,Boneless Wings,Garlic Parmesan,,3,0.6666666666666666,7.0,Louisville,KY
50,2025,31,517658,517658.0,Boneless Wings,Garlic Parmesan,,6,0.5,7.5,Louisville,KY
50,2025,32,517658,517658.0,Boneless Wings,Garlic Parmesan,,2,1.0,8.0,Louisville,KY
50,2025,33,517658,517658.0,Boneless Wings,Garlic Parmesan,,1,1.0,8.0,Louisville,KY
50,2025,35,517658,517658.0,Boneless Wings,Garlic Parmesan,,2,0.5,8.0,Louisville,KY
50,2025,36,517658,517658.0,Boneless Wings,Garlic Parmesan,,4,0.25,9.0,Louisville,KY
50,2025,37,517658,517658.0,Boneless Wings,Garlic Parmesan,,10,0.6,9.0,Louisville,KY
50,2025,38,517658,517658.0,Boneless Wings,Garlic Parmesan,,2,0.0,9.0,Louisville,KY
50,2025,39,517658,517658.0,Boneless Wings,Garlic Parmesan,,9,0.3333333333333333,9.0,Louisville,KY
50,2025,40,517658,517658.0,Boneless Wings,Garlic Parmesan,,4,0.25,9.75,Louisville,KY
50,2025,41,517658,517658.0,Boneless Wings,Garlic Parmesan,,2,0.0,10.0,Louisville,KY
50,2025,42,517658,517658.0,Boneless Wings,Garlic Parmesan,,3,0.3333333333333333,10.0,Louisville,KY
50,2025,43,517658,517658.0,Boneless Wings,Garlic Parmesan,,7,0.0,10.0,Louisville,KY
50,2025,31,517659,517659.0,Boneless Wings,Garlic Parmesan,,1,0.0,7.0,Louisville,KY
50,2025,32,517659,517659.0,Boneless Wings,Garlic Parmesan,,1,0.0,8.0,Louisville,KY
50,2025,36,517659,517659.0,Boneless Wings,Garlic Parmesan,,1,1.0,9.0,Louisville,KY
50,2025,27,517673,517673.0,Traditional Wings,Hot Lemon Pepper,,1,1.0,7.0,Louisville,KY
50,2025,27,517683,517683.0,Traditional Wings,Hot Lemon Pepper,,1,0.0,7.0,Louisville,KY
50,2025,28,517683,517683.0,Traditional Wings,Hot Lemon Pepper,,5,0.2,7.0,Louisville,KY
50,2025,29,517683,517683.0,Traditional Wings,Hot Lemon Pepper,,3,0.3333333333333333,7.0,Louisville,KY
50,2025,30,517683,517683.0,Traditional Wings,Hot Lemon Pepper,,1,0.0,7.0,Louisville,KY
50,2025,27,517685,517685.0,Traditional Wings,Hot Lemon Pepper,,1,0.0,7.0,Louisville,KY
50,2025,28,517685,517685.0,Traditional Wings,Hot Lemon Pepper,,2,0.5,7.0,Louisville,KY
50,2025,29,517685,517685.0,Traditional Wings,Hot Lemon Pepper,,1,0.0,7.0,Louisville,KY
50,2025,30,517685,517685.0,Traditional Wings,Hot Lemon Pepper,,4,0.5,7.0,Louisville,KY
50,2025,27,545952,545952.0,Dipping Sauce,Dipping Sauce,,4,0.6666666666666666,7.0,Louisville,KY
50,2025,28,545952,545952.0,Dipping Sauce,Dipping Sauce,,1,1.0,7.0,Louisville,KY
50,2025,29,545952,545952.0,Dipping Sauce,Dipping Sauce,,9,0.3333333333333333,7.0,Louisville,KY
50,2025,30,545952,545952.0,Dipping Sauce,Dipping Sauce,,3,0.3333333333333333,7.0,Louisville,KY
50,2025,31,545952,545952.0,Dipping Sauce,Dipping Sauce,,8,0.3333333333333333,7.333333333333333,Louisville,KY
50,2025,32,545952,545952.0,Dipping Sauce,Dipping Sauce,,4,0.75,8.0,Louisville,KY
50,2025,33,545952,545952.0,Dipping Sauce,Dipping Sauce,,2,0.5,8.0,Louisville,KY
50,2025,34,545952,545952.0,Dipping Sauce,Dipping Sauce,,4,0.25,8.0,Louisville,KY
50,2025,35,545952,545952.0,Dipping Sauce,Dipping Sauce,,8,0.42857142857142855,8.0,Louisville,KY
50,2025,38,545952,545952.0,Dipping Sauce,Dipping Sauce,,5,0.25,9.0,Louisville,KY
50,2025,39,545952,545952.0,Dipping Sauce,Dipping Sauce,,7,0.2857142857142857,9.0,Louisville,KY
50,2025,40,545952,545952.0,Dipping Sauce,Dipping Sauce,,1,0.0,9.0,Louisville,KY
50,2025,27,571188,571188.0,Popper Rolls,Jalapeno,,6,0.3333333333333333,7.0,Louisville,KY
50,2025,28,571188,571188.0,Popper Rolls,Jalapeno,,6,0.3333333333333333,7.0,Louisville,KY
50,2025,29,571188,571188.0,Popper Rolls,Jalapeno,,7,0.42857142857142855,7.0,Louisville,KY
50,2025,30,571188,571188.0,Popper Rolls,Jalapeno,,12,0.25,7.0,Louisville,KY
50,2025,31,571188,571188.0,Popper Rolls,Jalapeno,,7,0.2857142857142857,7.571428571428571,Louisville,KY
50,2025,32,571188,571188.0,Popper Rolls,Jalapeno,,10,0.5,8.0,Louisville,KY
50,2025,33,571188,571188.0,Popper Rolls,Jalapeno,,10,0.4,8.0,Louisville,KY
50,2025,34,571188,571188.0,Popper Rolls,Jalapeno,,5,0.6,8.0,Louisville,KY
50,2025,35,571188,571188.0,Popper Rolls,Jalapeno,,7,0.42857142857142855,8.0,Louisville,KY
50,2025,36,571188,571188.0,Popper Rolls,Jalapeno,,7,0.7142857142857143,9.0,Louisville,KY
50,2025,37,571188,571188.0,Popper Rolls,Jalapeno,,6,0.3333333333333333,9.0,Louisville,KY
50,2025,38,571188,571188.0,Popper Rolls,Jalapeno,,13,0.46153846153846156,9.0,Louisville,KY
50,2025,39,571188,571188.0,Popper Rolls,Jalapeno,,8,0.375,9.0,Louisville,KY
50,2025,40,571188,571188.0,Popper Rolls,Jalapeno,,8,0.2857142857142857,9.571428571428571,Louisville,KY
50,2025,41,571188,571188.0,Popper Rolls,Jalapeno,,6,0.16666666666666666,10.0,Louisville,KY
50,2025,42,571188,571188.0,Popper Rolls,Jalapeno,,11,0.4444444444444444,10.0,Louisville,KY
50,2025,43,571188,571188.0,Popper Rolls,Jalapeno,,3,1.0,10.0,Louisville,KY
50,2025,27,641041,641041.0,Soft Drink,Starry,,6,0.3333333333333333,7.0,Louisville,KY
50,2025,28,641041,641041.0,Soft Drink,Starry,,10,0.3,7.0,Louisville,KY
50,2025,29,641041,641041.0,Soft Drink,Starry,,4,0.0,7.0,Louisville,KY
50,2025,30,641041,641041.0,Soft Drink,Starry,,7,0.2,7.0,Louisville,KY
50,2025,31,641041,641041.0,Soft Drink,Starry,,4,1.0,8.0,Louisville,KY
50,2025,32,641041,641041.0,Soft Drink,Starry,,6,0.0,8.0,Louisville,KY
50,2025,33,641041,641041.0,Soft Drink,Starry,,6,0.3333333333333333,8.0,Louisville,KY
50,2025,34,641041,641041.0,Soft Drink,Starry,,6,0.0,8.0,Louisville,KY
50,2025,35,641041,641041.0,Soft Drink,Starry,,6,0.0,8.0,Louisville,KY
50,2025,36,641041,641041.0,Soft Drink,Starry,,11,0.2,9.0,Louisville,KY
50,2025,37,641041,641041.0,Soft Drink,Starry,,7,0.7142857142857143,9.0,Louisville,KY
50,2025,38,641041,641041.0,Soft Drink,Starry,,8,0.7142857142857143,9.0,Louisville,KY
50,2025,39,641041,641041.0,Soft Drink,Starry,,7,0.42857142857142855,9.0,Louisville,KY
50,2025,40,641041,641041.0,Soft Drink,Starry,,9,0.25,9.875,Louisville,KY
50,2025,41,641041,641041.0,Soft Drink,Starry,,8,0.5,10.0,Louisville,KY
50,2025,42,641041,641041.0,Soft Drink,Starry,,7,0.75,10.0,Louisville,KY
50,2025,43,641041,641041.0,Soft Drink,Starry,,3,0.3333333333333333,10.0,Louisville,KY
50,2025,27,641043,641043.0,Soft Drink,Starry,,7,0.4,7.0,Louisville,KY
50,2025,28,641043,641043.0,Soft Drink,Starry,,11,0.45454545454545453,7.0,Louisville,KY
50,2025,29,641043,641043.0,Soft Drink,Starry,,12,0.36363636363636365,7.0,Louisville,KY
50,2025,30,641043,641043.0,Soft Drink,Starry,,9,0.375,7.0,Louisville,KY
50,2025,31,641043,641043.0,Soft Drink,Starry,,14,0.23076923076923078,7.461538461538462,Louisville,KY
50,2025,32,641043,641043.0,Soft Drink,Starry,,16,0.42857142857142855,8.0,Louisville,KY
50,2025,33,641043,641043.0,Soft Drink,Starry,,18,0.21428571428571427,8.0,Louisville,KY
50,2025,34,641043,641043.0,Soft Drink,Starry,,12,0.2222222222222222,8.0,Louisville,KY
50,2025,35,641043,641043.0,Soft Drink,Starry,,9,0.4444444444444444,8.0,Louisville,KY
50,2025,36,641043,641043.0,Soft Drink,Starry,,11,0.5,9.0,Louisville,KY
50,2025,37,641043,641043.0,Soft Drink,Starry,,17,0.23529411764705882,9.0,Louisville,KY
50,2025,38,641043,641043.0,Soft Drink,Starry,,8,0.42857142857142855,9.0,Louisville,KY
50,2025,39,641043,641043.0,Soft Drink,Starry,,16,0.1875,9.0,Louisville,KY
50,2025,40,641043,641043.0,Soft Drink,Starry,,18,0.25,9.75,Louisville,KY
50,2025,41,641043,641043.0,Soft Drink,Starry,,10,0.3333333333333333,10.0,Louisville,KY
50,2025,42,641043,641043.0,Soft Drink,Starry,,13,0.3333333333333333,10.0,Louisville,KY
50,2025,43,641043,641043.0,Soft Drink,Starry,,7,0.42857142857142855,10.0,Louisville,KY
50,2025,35,641044,641044.0,Soft Drink,Starry,,1,0.0,8.0,Louisville,KY
50,2025,30,886366,886366.0,Works,NY Style,,1,0.0,7.0,Louisville,KY
50,2025,31,886366,886366.0,Works,NY Style,,1,0.0,8.0,Louisville,KY
50,2025,37,886366,886366.0,Works,NY Style,,1,0.0,9.0,Louisville,KY
50,2025,38,886366,886366.0,Works,NY Style,,3,0.6666666666666666,9.0,Louisville,KY
50,2025,41,886366,886366.0,Works,NY Style,,2,0.0,10.0,Louisville,KY
50,2025,43,886366,886366.0,Works,NY Style,,2,1.0,10.0,Louisville,KY
50,2025,29,886371,886371.0,Works,NY Style,,2,0.5,7.0,Louisville,KY
50,2025,32,886371,886371.0,Works,NY Style,,1,0.0,8.0,Louisville,KY
50,2025,33,886371,886371.0,Works,NY Style,,1,0.0,8.0,Louisville,KY
50,2025,34,886371,886371.0,Works,NY Style,,2,0.0,8.0,Louisville,KY
50,2025,35,886371,886371.0,Works,NY Style,,1,0.0,8.0,Louisville,KY
50,2025,38,886371,886371.0,Works,NY Style,,1,1.0,9.0,Louisville,KY
50,2025,30,886381,886381.0,BBQ Chicken Bacon,NY Style,,1,0.0,7.0,Louisville,KY
50,2025,31,886381,886381.0,BBQ Chicken Bacon,NY Style,,1,1.0,8.0,Louisville,KY
50,2025,28,886385,886385.0,Garden Fresh,NY Style,,1,1.0,7.0,Louisville,KY
50,2025,30,886385,886385.0,Garden Fresh,NY Style,,1,0.0,7.0,Louisville,KY
50,2025,32,886385,886385.0,Garden Fresh,NY Style,,3,0.3333333333333333,8.0,Louisville,KY
50,2025,33,886385,886385.0,Garden Fresh,NY Style,,1,0.0,8.0,Louisville,KY
50,2025,34,886385,886385.0,Garden Fresh,NY Style,,1,0.0,8.0,Louisville,KY
50,2025,35,886385,886385.0,Garden Fresh,NY Style,,1,0.0,8.0,Louisville,KY
50,2025,37,886385,886385.0,Garden Fresh,NY Style,,2,0.5,9.0,Louisville,KY
50,2025,38,886385,886385.0,Garden Fresh,NY Style,,2,1.0,9.0,Louisville,KY
50,2025,39,886385,886385.0,Garden Fresh,NY Style,,2,0.0,9.0,Louisville,KY
50,2025,40,886385,886385.0,Garden Fresh,NY Style,,1,0.0,9.0,Louisville,KY
50,2025,41,886385,886385.0,Garden Fresh,NY Style,,1,0.0,10.0,Louisville,KY
50,2025,43,886385,886385.0,Garden Fresh,NY Style,,1,0.0,10.0,Louisville,KY
50,2025,29,886387,886387.0,Garden Fresh,NY Style,,1,1.0,7.0,Louisville,KY
50,2025,31,886387,886387.0,Garden Fresh,NY Style,,1,0.0,7.0,Louisville,KY
50,2025,34,886387,886387.0,Garden Fresh,NY Style,,1,1.0,8.0,Louisville,KY
50,2025,27,886389,886389.0,1 Topping CYO,NY Style,,7,0.42857142857142855,7.0,Louisville,KY
50,2025,28,886389,886389.0,1 Topping CYO,NY Style,,15,0.13333333333333333,7.0,Louisville,KY
50,2025,29,886389,886389.0,1 Topping CYO,NY Style,,27,0.38461538461538464,7.0,Louisville,KY
50,2025,30,886389,886389.0,1 Topping CYO,NY Style,,28,0.2962962962962963,7.0,Louisville,KY
50,2025,31,886389,886389.0,1 Topping CYO,NY Style,,24,0.5,7.791666666666667,Louisville,KY
50,2025,32,886389,886389.0,1 Topping CYO,NY Style,,12,0.25,8.0,Louisville,KY
50,2025,33,886389,886389.0,1 Topping CYO,NY Style,,16,0.5625,8.0,Louisville,KY
50,2025,34,886389,886389.0,1 Topping CYO,NY Style,,13,0.38461538461538464,8.0,Louisville,KY
50,2025,35,886389,886389.0,1 Topping CYO,NY Style,,21,0.65,8.0,Louisville,KY
50,2025,36,886389,886389.0,1 Topping CYO,NY Style,,20,0.25,9.0,Louisville,KY
50,2025,37,886389,886389.0,1 Topping CYO,NY Style,,19,0.47368421052631576,9.0,Louisville,KY
50,2025,38,886389,886389.0,1 Topping CYO,NY Style,,31,0.6896551724137931,9.0,Louisville,KY
50,2025,39,886389,886389.0,1 Topping CYO,NY Style,,12,0.16666666666666666,9.0,Louisville,KY
50,2025,40,886389,886389.0,1 Topping CYO,NY Style,,20,0.4,9.9,Louisville,KY
50,2025,41,886389,886389.0,1 Topping CYO,NY Style,,22,0.22727272727272727,10.0,Louisville,KY
50,2025,42,886389,886389.0,1 Topping CYO,NY Style,,21,0.35,10.0,Louisville,KY
50,2025,43,886389,886389.0,1 Topping CYO,NY Style,,5,0.0,10.0,Louisville,KY
50,2025,27,886391,886391.0,1 Topping CYO,NY Style,,21,0.3684210526315789,7.0,Louisville,KY
50,2025,28,886391,886391.0,1 Topping CYO,NY Style,,37,0.2972972972972973,7.0,Louisville,KY
50,2025,29,886391,886391.0,1 Topping CYO,NY Style,,31,0.25806451612903225,7.0,Louisville,KY
50,2025,30,886391,886391.0,1 Topping CYO,NY Style,,21,0.25,7.0,Louisville,KY
50,2025,31,886391,886391.0,1 Topping CYO,NY Style,,28,0.35714285714285715,7.607142857142857,Louisville,KY
50,2025,32,886391,886391.0,1 Topping CYO,NY Style,,30,0.16666666666666666,8.0,Louisville,KY
50,2025,33,886391,886391.0,1 Topping CYO,NY Style,,21,0.4,8.0,Louisville,KY
50,2025,34,886391,886391.0,1 Topping CYO,NY Style,,15,0.14285714285714285,8.0,Louisville,KY
50,2025,35,886391,886391.0,1 Topping CYO,NY Style,,20,0.3333333333333333,8.0,Louisville,KY
50,2025,36,886391,886391.0,1 Topping CYO,NY Style,,12,0.5,9.0,Louisville,KY
50,2025,37,886391,886391.0,1 Topping CYO,NY Style,,23,0.38095238095238093,9.0,Louisville,KY
50,2025,38,886391,886391.0,1 Topping CYO,NY Style,,20,0.2222222222222222,9.0,Louisville,KY
50,2025,39,886391,886391.0,1 Topping CYO,NY Style,,32,0.34375,9.0,Louisville,KY
50,2025,40,886391,886391.0,1 Topping CYO,NY Style,,26,0.46153846153846156,9.807692307692308,Louisville,KY
50,2025,41,886391,886391.0,1 Topping CYO,NY Style,,19,0.26666666666666666,10.0,Louisville,KY
50,2025,42,886391,886391.0,1 Topping CYO,NY Style,,17,0.47058823529411764,10.0,Louisville,KY
50,2025,43,886391,886391.0,1 Topping CYO,NY Style,,8,0.125,10.0,Louisville,KY
50,2025,27,886393,886393.0,3 Topping CYO,NY Style,,2,0.0,7.0,Louisville,KY
50,2025,28,886393,886393.0,3 Topping CYO,NY Style,,2,1.0,7.0,Louisville,KY
50,2025,29,886393,886393.0,3 Topping CYO,NY Style,,2,0.5,7.0,Louisville,KY
50,2025,30,886393,886393.0,3 Topping CYO,NY Style,,4,0.0,7.0,Louisville,KY
50,2025,31,886393,886393.0,3 Topping CYO,NY Style,,4,0.0,7.5,Louisville,KY
50,2025,32,886393,886393.0,3 Topping CYO,NY Style,,4,0.25,8.0,Louisville,KY
50,2025,34,886393,886393.0,3 Topping CYO,NY Style,,1,0.0,8.0,Louisville,KY
50,2025,36,886393,886393.0,3 Topping CYO,NY Style,,1,0.0,9.0,Louisville,KY
50,2025,37,886393,886393.0,3 Topping CYO,NY Style,,2,0.0,9.0,Louisville,KY
50,2025,38,886393,886393.0,3 Topping CYO,NY Style,,3,1.0,9.0,Louisville,KY
50,2025,39,886393,886393.0,3 Topping CYO,NY Style,,4,0.25,9.0,Louisville,KY
50,2025,40,886393,886393.0,3 Topping CYO,NY Style,,2,0.5,9.5,Louisville,KY
50,2025,41,886393,886393.0,3 Topping CYO,NY Style,,2,0.0,10.0,Louisville,KY
50,2025,43,886393,886393.0,3 Topping CYO,NY Style,,2,1.0,10.0,Louisville,KY
50,2025,27,886395,886395.0,3 Topping CYO,NY Style,,5,0.6,7.0,Louisville,KY
50,2025,28,886395,886395.0,3 Topping CYO,NY Style,,6,0.4,7.0,Louisville,KY
50,2025,29,886395,886395.0,3 Topping CYO,NY Style,,9,0.3333333333333333,7.0,Louisville,KY
50,2025,30,886395,886395.0,3 Topping CYO,NY Style,,3,0.6666666666666666,7.0,Louisville,KY
50,2025,31,886395,886395.0,3 Topping CYO,NY Style,,3,0.6666666666666666,8.0,Louisville,KY
50,2025,32,886395,886395.0,3 Topping CYO,NY Style,,4,0.75,8.0,Louisville,KY
50,2025,33,886395,886395.0,3 Topping CYO,NY Style,,6,0.5,8.0,Louisville,KY
50,2025,34,886395,886395.0,3 Topping CYO,NY Style,,3,0.3333333333333333,8.0,Louisville,KY
50,2025,35,886395,886395.0,3 Topping CYO,NY Style,,3,0.3333333333333333,8.0,Louisville,KY
50,2025,36,886395,886395.0,3 Topping CYO,NY Style,,3,0.5,9.0,Louisville,KY
50,2025,37,886395,886395.0,3 Topping CYO,NY Style,,4,0.25,9.0,Louisville,KY
50,2025,38,886395,886395.0,3 Topping CYO,NY Style,,2,0.0,9.0,Louisville,KY
50,2025,39,886395,886395.0,3 Topping CYO,NY Style,,9,0.3333333333333333,9.0,Louisville,KY
50,2025,40,886395,886395.0,3 Topping CYO,NY Style,,5,0.2,10.0,Louisville,KY
50,2025,41,886395,886395.0,3 Topping CYO,NY Style,,6,0.2,10.0,Louisville,KY
50,2025,42,886395,886395.0,3 Topping CYO,NY Style,,2,0.5,10.0,Louisville,KY
50,2025,43,886395,886395.0,3 Topping CYO,NY Style,,5,0.4,10.0,Louisville,KY
50,2025,27,886397,886397.0,2 Topping CYO,NY Style,,2,1.0,7.0,Louisville,KY
50,2025,28,886397,886397.0,2 Topping CYO,NY Style,,4,0.25,7.0,Louisville,KY
50,2025,29,886397,886397.0,2 Topping CYO,NY Style,,4,0.75,7.0,Louisville,KY
50,2025,30,886397,886397.0,2 Topping CYO,NY Style,,6,0.5,7.0,Louisville,KY
50,2025,31,886397,886397.0,2 Topping CYO,NY Style,,8,0.625,7.625,Louisville,KY
50,2025,33,886397,886397.0,2 Topping CYO,NY Style,,4,0.0,8.0,Louisville,KY
50,2025,34,886397,886397.0,2 Topping CYO,NY Style,,3,0.3333333333333333,8.0,Louisville,KY
50,2025,35,886397,886397.0,2 Topping CYO,NY Style,,2,0.5,8.0,Louisville,KY
50,2025,36,886397,886397.0,2 Topping CYO,NY Style,,8,0.25,9.0,Louisville,KY
50,2025,37,886397,886397.0,2 Topping CYO,NY Style,,2,0.5,9.0,Louisville,KY
50,2025,38,886397,886397.0,2 Topping CYO,NY Style,,14,0.35714285714285715,9.0,Louisville,KY
50,2025,39,886397,886397.0,2 Topping CYO,NY Style,,12,0.6666666666666666,9.0,Louisville,KY
50,2025,40,886397,886397.0,2 Topping CYO,NY Style,,6,0.16666666666666666,9.833333333333334,Louisville,KY
50,2025,41,886397,886397.0,2 Topping CYO,NY Style,,11,0.09090909090909091,10.0,Louisville,KY
50,2025,42,886397,886397.0,2 Topping CYO,NY Style,,3,0.6666666666666666,10.0,Louisville,KY
50,2025,43,886397,886397.0,2 Topping CYO,NY Style,,8,0.375,10.0,Louisville,KY
50,2025,27,886399,886399.0,2 Topping CYO,NY Style,,10,0.3,7.0,Louisville,KY
50,2025,28,886399,886399.0,2 Topping CYO,NY Style,,7,0.42857142857142855,7.0,Louisville,KY
50,2025,29,886399,886399.0,2 Topping CYO,NY Style,,10,0.4,7.0,Louisville,KY
50,2025,30,886399,886399.0,2 Topping CYO,NY Style,,6,0.2,7.0,Louisville,KY
50,2025,31,886399,886399.0,2 Topping CYO,NY Style,,16,0.375,7.5,Louisville,KY
50,2025,32,886399,886399.0,2 Topping CYO,NY Style,,11,0.18181818181818182,8.0,Louisville,KY
50,2025,33,886399,886399.0,2 Topping CYO,NY Style,,18,0.2777777777777778,8.0,Louisville,KY
50,2025,34,886399,886399.0,2 Topping CYO,NY Style,,8,0.5,8.0,Louisville,KY
50,2025,35,886399,886399.0,2 Topping CYO,NY Style,,16,0.0,8.0,Louisville,KY
50,2025,36,886399,886399.0,2 Topping CYO,NY Style,,12,0.3333333333333333,9.0,Louisville,KY
50,2025,37,886399,886399.0,2 Topping CYO,NY Style,,19,0.05263157894736842,9.0,Louisville,KY
50,2025,38,886399,886399.0,2 Topping CYO,NY Style,,10,0.3333333333333333,9.0,Louisville,KY
50,2025,39,886399,886399.0,2 Topping CYO,NY Style,,18,0.3333333333333333,9.0,Louisville,KY
50,2025,40,886399,886399.0,2 Topping CYO,NY Style,,18,0.2777777777777778,9.722222222222221,Louisville,KY
50,2025,41,886399,886399.0,2 Topping CYO,NY Style,,5,0.4,10.0,Louisville,KY
50,2025,42,886399,886399.0,2 Topping CYO,NY Style,,4,0.0,10.0,Louisville,KY
50,2025,43,886399,886399.0,2 Topping CYO,NY Style,,4,0.0,10.0,Louisville,KY
50,2025,28,886403,886403.0,4 Topping CYO,NY Style,,1,1.0,7.0,Louisville,KY
50,2025,29,886403,886403.0,4 Topping CYO,NY Style,,3,0.3333333333333333,7.0,Louisville,KY
50,2025,30,886403,886403.0,4 Topping CYO,NY Style,,2,0.0,7.0,Louisville,KY
50,2025,33,886403,886403.0,4 Topping CYO,NY Style,,2,0.0,8.0,Louisville,KY
50,2025,35,886403,886403.0,4 Topping CYO,NY Style,,2,1.0,8.0,Louisville,KY
50,2025,37,886403,886403.0,4 Topping CYO,NY Style,,2,0.0,9.0,Louisville,KY
50,2025,39,886403,886403.0,4 Topping CYO,NY Style,,1,0.0,9.0,Louisville,KY
50,2025,40,886403,886403.0,4 Topping CYO,NY Style,,1,1.0,10.0,Louisville,KY
50,2025,41,886403,886403.0,4 Topping CYO,NY Style,,1,0.0,10.0,Louisville,KY
50,2025,43,886403,886403.0,4 Topping CYO,NY Style,,2,0.5,10.0,Louisville,KY
50,2025,29,886409,886409.0,Tuscan Six Cheese,NY Style,,1,1.0,7.0,Louisville,KY
50,2025,31,886409,886409.0,Tuscan Six Cheese,NY Style,,1,1.0,8.0,Louisville,KY
50,2025,32,886409,886409.0,Tuscan Six Cheese,NY Style,,1,0.0,8.0,Louisville,KY
50,2025,28,886411,886411.0,Tuscan Six Cheese,NY Style,,1,1.0,7.0,Louisville,KY
50,2025,33,886411,886411.0,Tuscan Six Cheese,NY Style,,1,0.0,8.0,Louisville,KY
50,2025,30,896631,896631.0,Ultimate Pepperoni,NY Style,,1,0.0,7.0,Louisville,KY
50,2025,33,896631,896631.0,Ultimate Pepperoni,NY Style,,1,1.0,8.0,Louisville,KY
50,2025,34,896631,896631.0,Ultimate Pepperoni,NY Style,,1,0.0,8.0,Louisville,KY
50,2025,37,896631,896631.0,Ultimate Pepperoni,NY Style,,1,1.0,9.0,Louisville,KY
50,2025,41,896631,896631.0,Ultimate Pepperoni,NY Style,,1,0.0,10.0,Louisville,KY
50,2025,32,896635,896635.0,Philly Cheesesteak,NY Style,,1,0.0,8.0,Louisville,KY
50,2025,36,896635,896635.0,Philly Cheesesteak,NY Style,,1,1.0,9.0,Louisville,KY
50,2025,41,896635,896635.0,Philly Cheesesteak,NY Style,,1,0.0,10.0,Louisville,KY
50,2025,31,896636,896636.0,Philly Cheesesteak,NY Style,,1,1.0,8.0,Louisville,KY
50,2025,38,896810,896810.0,Super Hawaiian,NY Style,,1,0.0,9.0,Louisville,KY
50,2025,31,896811,896811.0,Super Hawaiian,NY Style,,1,1.0,8.0,Louisville,KY
50,2025,40,896811,896811.0,Super Hawaiian,NY Style,,1,0.0,9.0,Louisville,KY
50,2025,38,896823,896823.0,Fiery Buffalo Chicken,NY Style,,1,1.0,9.0,Louisville,KY
50,2025,30,896834,896834.0,Fresh Spinach & Tomato Alfredo,NY Style,,1,1.0,7.0,Louisville,KY
50,2025,31,896834,896834.0,Fresh Spinach & Tomato Alfredo,NY Style,,2,0.0,7.0,Louisville,KY
50,2025,42,896834,896834.0,Fresh Spinach & Tomato Alfredo,NY Style,,1,1.0,10.0,Louisville,KY
50,2025,29,898292,898292.0,Meats,NY Style,,1,1.0,7.0,Louisville,KY
50,2025,30,898292,898292.0,Meats,NY Style,,3,0.0,7.0,Louisville,KY
50,2025,31,898292,898292.0,Meats,NY Style,,1,0.0,7.0,Louisville,KY
50,2025,33,898292,898292.0,Meats,NY Style,,1,0.0,8.0,Louisville,KY
50,2025,37,898292,898292.0,Meats,NY Style,,1,0.0,9.0,Louisville,KY
50,2025,28,898294,898294.0,5 Topping CYO,NY Style,,2,0.5,7.0,Louisville,KY
50,2025,29,898294,898294.0,5 Topping CYO,NY Style,,2,0.5,7.0,Louisville,KY
50,2025,30,898294,898294.0,5 Topping CYO,NY Style,,2,0.5,7.0,Louisville,KY
50,2025,31,898294,898294.0,5 Topping CYO,NY Style,,1,0.0,7.0,Louisville,KY
50,2025,32,898294,898294.0,5 Topping CYO,NY Style,,2,0.0,8.0,Louisville,KY
50,2025,40,898294,898294.0,5 Topping CYO,NY Style,,1,1.0,10.0,Louisville,KY
50,2025,42,898294,898294.0,5 Topping CYO,NY Style,,1,0.0,10.0,Louisville,KY
50,2025,43,898294,898294.0,5 Topping CYO,NY Style,,1,1.0,10.0,Louisville,KY
50,2025,27,898730,898730.0,5 Topping CYO,NY Style,,1,1.0,7.0,Louisville,KY
50,2025,28,898730,898730.0,5 Topping CYO,NY Style,,1,0.0,7.0,Louisville,KY
50,2025,29,898730,898730.0,5 Topping CYO,NY Style,,1,0.0,7.0,Louisville,KY
50,2025,30,898730,898730.0,5 Topping CYO,NY Style,,2,0.0,7.0,Louisville,KY
50,2025,32,898730,898730.0,5 Topping CYO,NY Style,,3,1.0,8.0,Louisville,KY
50,2025,33,898730,898730.0,5 Topping CYO,NY Style,,1,0.0,8.0,Louisville,KY
50,2025,35,898730,898730.0,5 Topping CYO,NY Style,,1,0.0,8.0,Louisville,KY
50,2025,37,898730,898730.0,5 Topping CYO,NY Style,,1,1.0,9.0,Louisville,KY
50,2025,39,898730,898730.0,5 Topping CYO,NY Style,,2,0.0,9.0,Louisville,KY
50,2025,40,898730,898730.0,5 Topping CYO,NY Style,,1,0.0,9.0,Louisville,KY
50,2025,41,898730,898730.0,5 Topping CYO,NY Style,,1,1.0,10.0,Louisville,KY
50,2025,38,910426,910426.0,1 Topping CYO,Papa Dippa,,1,1.0,9.0,Louisville,KY
50,2025,39,910426,910426.0,1 Topping CYO,Papa Dippa,,1,0.0,9.0,Louisville,KY
50,2025,41,910426,910426.0,1 Topping CYO,Papa Dippa,,1,1.0,10.0,Louisville,KY
50,2025,27,,,Service,Service,,1,0.0,7.0,Louisville,KY
50,2025,28,,,Service,Service,,1,0.0,7.0,Louisville,KY
50,2025,28,,,UNDEFINED,UNDEFINED,14.0,1,0.0,7.0,Louisville,KY
50,2025,28,,,UNDEFINED,UNDEFINED,,1,0.0,7.0,Louisville,KY
50,2025,29,,,Service,Service,,2,0.0,7.0,Louisville,KY
50,2025,29,,,UNDEFINED,UNDEFINED,,2,0.0,7.0,Louisville,KY
50,2025,31,,,Service,Service,,2,0.0,7.0,Louisville,KY
50,2025,31,,,UNDEFINED,UNDEFINED,10.0,1,1.0,8.0,Louisville,KY
50,2025,31,,,UNDEFINED,UNDEFINED,,1,0.0,7.0,Louisville,KY
50,2025,32,,,UNDEFINED,UNDEFINED,,2,0.5,8.0,Louisville,KY
50,2025,33,,,Service,Service,,2,0.0,8.0,Louisville,KY
50,2025,35,,,Service,Service,,2,0.0,8.0,Louisville,KY
50,2025,35,,,UNDEFINED,UNDEFINED,14.0,32,0.5454545454545454,8.0,Louisville,KY
50,2025,36,,,Service,Service,,2,0.5,9.0,Louisville,KY
50,2025,37,,,Service,Service,,2,0.0,9.0,Louisville,KY
50,2025,38,,,UNDEFINED,UNDEFINED,,1,0.0,9.0,Louisville,KY
50,2025,39,,,Service,Service,,1,0.0,9.0,Louisville,KY
50,2025,39,,,Unmapped Beverage,Unmapped Beverage,,1,0.0,9.0,Louisville,KY
50,2025,40,,,Catering,Catering,,51,1.0,10.0,Louisville,KY
50,2025,41,,,Service,Service,,1,0.0,10.0,Louisville,KY
50,2025,43,,,Service,PapaPriority,,1,0.0,10.0,Louisville,KY
